gene	drug	regulatory approval	indication	interaction score
CDK4	RIBOCICLIB	Approved	antineoplastic agent	0.3625263788811495
CDK4	R547	Not Approved	""	0.2330526721378818
CDK4	PALBOCICLIB	Approved	""	0.1919257299959026
CDK4	RECOMBINANT TRANSFORMING GROWTH FACTOR	Not Approved	""	0.0741531229529624
CDK4	ATIRMOCICLIB	Not Approved	""	0.4078421762412932
CDK4	VORUCICLIB	Not Approved	""	0.1631368704965173
CDK4	SOMATROPIN (RECOMBINANT DNA ORIGIN)	Approved	growth hormone replacement therapy,hormone replacement,for treatment of spinal muscular atrophy,For treatment of growth disorders	0.1087579136643448
CDK4	TANESPIMYCIN	Not Approved	antineoplastic agent	0.1254899003819364
CDK4	SU9516	Not Approved	""	0.05098027203016165
CDK4	BSJ-03-123	Not Approved	""	0.4078421762412932
CDK4	CP-10	Not Approved	""	0.4078421762412932
CDK4	RO-0505124	Not Approved	""	1.223526528723879
CDK4	ALVOCIDIB	Not Approved	antineoplastic agent	0.1942105601149015
CDK4	MKC-1	Not Approved	antineoplastic agent	0.0741531229529624
CDK4	RIVICICLIB	Not Approved	""	0.4894106114895518
CDK4	NARAZACICLIB	Not Approved	""	0.2718947841608621
CDK4	MILCICLIB	Not Approved	""	0.1483062459059248
CDK4	ABEMACICLIB	Approved	""	0.3005152877567423
CDK4	CDK4 INHIBITOR III	Not Approved	""	0.2718947841608621
CDK4	BSJ-04-132	Not Approved	""	0.4078421762412932
CDK4	CDK1/2/4 INHIBITOR AG-024322	Not Approved	""	0.2718947841608621
CDK4	RONICICLIB	Not Approved	""	0.1165263360689409
CDK4	CGP74514A	Not Approved	""	0.1019605440603233
CDK4	TRILACICLIB	Approved	""	0.3495790082068228
CDK4	PHA-793887	Not Approved	""	0.0776842240459606
CDK4	FASCAPLYSIN	Not Approved	""	0.8156843524825864
CDK4	INIXACICLIB	Not Approved	""	0.4078421762412932
CDK4	AT-7519	Not Approved	""	0.0388421120229803
CDK4	CDK4 INHIBITOR	Not Approved	""	0.2718947841608621
CDK4	AZD5438	Not Approved	""	0.03398684802010777
CDK4	TANUXICICLIB	Not Approved	""	0.1631368704965173
CDK4	CDK2 INHIBITOR IV	Not Approved	""	0.1019605440603233
CDK4	EBVACICLIB	Not Approved	""	0.2718947841608621
CDK4	BSJ-03-204	Not Approved	""	0.4078421762412932
CDK4	ULECACICLIB	Not Approved	""	0.4078421762412932
CDK4	PURVALANOL A	Not Approved	""	0.2718947841608621
CDK4	CDK4 INHIBITOR II	Not Approved	""	0.4078421762412932
CDK4	CIMPUCICLIB	Not Approved	""	0.4078421762412932
CDK4	CDK INHIBITOR 4.35	Not Approved	""	0.1165263360689409
CDK4	ANTINEOPLASTIC AGENT	Not Approved	""	0.1165263360689409
CDK4	PURVALANOL B	Not Approved	""	0.2039210881206466
CDK4	CHEMBL:CHEMBL1956069	Not Approved	""	1.631368704965172
CDK4	UCN-01	Not Approved	""	0.04078421762412932
CDK4	TRILACICLIB DIHYDROCHLORIDE	Approved	""	0.4078421762412932
CDK4	CAMPTOTHECIN	Approved	antineoplastic agent	0.04661053442757637
CDK4	AG-24322	Not Approved	""	0.2718947841608621
CDK4	TIBREMCICLIB	Not Approved	""	0.4078421762412932
CDK4	TRILACICLIB	Not Approved	""	0.4078421762412932
CDK4	AT-7519	Not Approved	""	0.135947392080431
CDK4	NICOTINE POLACRILEX	Approved	Central Nervous System Stimulants	0.03546453706446028
CDK4	APREMILAST	Approved	antipsoriatic,DMARD,antiinflammatory agent	0.08156843524825864
CDK4	RGB-286638	Not Approved	""	0.128792266181461
CDK4	ASCORBIC ACID	Approved	""	0.0627449501909682
CDK4	DEXAMETHASONE	Approved	for treatment of Meniere's disease,glucocorticoid,antiinflammatory agent	0.01919257299959027
CDK4	DALPICICLIB	Not Approved	""	0.4078421762412932
CDK4	LEROCICLIB	Not Approved	""	0.5437895683217243
CDK4	PHA-767491	Not Approved	""	0.02471770765098746
CDK4	ALPELISIB	Approved	""	0.02265789868007184
CDK4	RIBOCICLIB SUCCINATE	Approved	""	0.8156843524825864
CDK4	BMS-387032	Not Approved	""	0.04798143249897567
CDK4	CLONIDINE HYDROCHLORIDE	Approved	antimucositic,for treatment of ADHD,for treatment of diabetic neuropathy	0.0627449501909682
CDK4	PROGESTIN	Approved	contraceptive	0.1483062459059248
CDK4	CROZBACICLIB	Not Approved	""	0.4078421762412932
CDK4	COMPOUND 9B [PMID: 18986805]	Not Approved	""	0.2039210881206466
TNF	NERELIMOMAB	Not Approved	""	0.5613311672998444
TNF	CROMOLYN SODIUM	Approved	""	0.5613311672998444
TNF	PLACULUMAB	Not Approved	""	0.5613311672998444
TNF	METHYLENE BLUE	Not Approved	""	0.06237012969998271
TNF	ALTEPLASE	Approved	Thrombolytic agent	0.05346011117141375
TNF	CARBOPLATIN	Approved	""	0.01305421319301963
TNF	GENTAMICIN	Approved	""	0.04881140585216039
TNF	GOLIMUMAB	Approved	DMARD,antiinflammatory agent,Immunosuppressive Agents	2.245324669199378
TNF	BUPIVACAINE	Approved	neuralgia,analgesic,local anestethic,Local,Anesthetics	0.06603896085880523
TNF	PENTOXIFYLLINE	Approved	for treatment of amyotrophic lateral sclerosis (ALS)	0.01603803335142412
TNF	BENZO[E]PYRENE	Not Approved	""	0.1871103890999481
TNF	THALIDOMIDE	Approved	antineoplastic agent	0.04551333788917658
TNF	PYRAZINAMIDE	Approved	""	0.1295379616845794
TNF	GLIMEPIRIDE	Approved	antidiabetic	0.1403327918249611
TNF	OMEPRAZOLE	Approved	antiulcer agent,Proton pump inhibitor	0.03034222525945105
TNF	LENERCEPT	Not Approved	""	0.5613311672998444
TNF	ADALIMUMAB	Approved	DMARD,antiinflammatory agent	0.06804014149089023
TNF	PRAZOSIN HYDROCHLORIDE	Approved	""	0.1122662334599688
TNF	REMTOLUMAB	Not Approved	""	0.2806655836499222
TNF	MIDOSTAURIN	Approved	antineoplastic agent	0.03207606670284825
TNF	LENABASUM	Not Approved	""	0.1871103890999481
TNF	MAGNESIUM SULFATE ANHYDROUS	Approved	""	0.2806655836499222
TNF	PICIBANIL	Not Approved	""	0.2245324669199377
TNF	FLUOCINOLONE ACETONIDE	Approved	glucocorticoid,antiinflammatory agent	0.2245324669199377
TNF	MILTEFOSINE	Approved	""	0.1871103890999481
TNF	HOMIDIUM BROMIDE	Not Approved	""	0.01935624714827049
TNF	OZORALIZUMAB	Not Approved	DMARD,antiinflammatory agent	1.122662334599689
TNF	PEGSUNERCEPT	Not Approved	""	1.122662334599689
TNF	CERTOLIZUMAB PEGOL	Approved	DMARD,antiinflammatory agent	0.3207606670284825
TNF	THERAPEUTIC HORMONE	Not Approved	""	0.02551505305908383
TNF	NAFAMOSTAT	Not Approved	""	0.05103010611816767
TNF	FOLIC ACID	Approved	""	0.04677759727498704
TNF	ABBV-257	Not Approved	""	0.2806655836499222
TNF	RISPERIDONE	Approved	Antipsychotic Agents,antipsychotic agent	0.02513423137163482
TNF	COVA322	Not Approved	""	0.2806655836499222
TNF	HYDROXYCHLOROQUINE	Approved	antirheumatic agent	0.06237012969998271
TNF	CERTOLIZUMAB	Not Approved	""	0.5613311672998444
TNF	AN0128	Not Approved	""	0.5613311672998444
TNF	5,7-DIHYDROXY-4-METHYLCOUMARIN	Not Approved	""	0.1403327918249611
TNF	SORAFENIB	Approved	antineoplastic agent	0.009762281170432078
TNF	AFELIMOMAB	Not Approved	""	0.5613311672998444
TNF	PLACULUMAB	Not Approved	DMARD,antiinflammatory agent	1.122662334599689
TNF	INFLIXIMAB	Approved	DMARD,antiinflammatory agent	0.07242982803868961
TNF	DIDANOSINE	Approved	""	0.08019016675712064
TNF	ISIS 104838	Not Approved	DMARD,antiinflammatory agent	0.5613311672998444
TNF	SOBLIDOTIN	Not Approved	""	0.06603896085880523
TNF	SPIRONOLACTONE	Approved	antihypertensive agent	0.07016639591248056
TNF	MEROPENEM ANHYDROUS	Approved	""	1.122662334599689
TNF	ETHAMBUTOL HYDROCHLORIDE	Approved	""	0.4209983754748833
TNF	MYCOPHENOLATE MOFETIL	Approved	immunosuppressant	0.07016639591248056
TNF	MASOPROCOL	Approved	prostate cancer,antineoplastic agent	0.02388643265105721
TNF	DERSALAZINE	Not Approved	for treatment of ulcerative colitis,antiinflammatory agent	0.1403327918249611
TNF	AVX-470	Not Approved	for treatment of ulcerative colitis	1.122662334599689
TNF	AME-527	Not Approved	DMARD,antiinflammatory agent	0.5613311672998444
TNF	CYCLOSPORINE	Approved	immunosuppressant,opthalmological agent	0.01290416476551366
TNF	ONERCEPT	Not Approved	""	0.5613311672998444
TNF	CYT007-TNFQB	Not Approved	antipsoriatic,antiinflammatory vaccine	0.5613311672998444
TNF	PROPYLTHIOURACIL	Approved	Antithyroid Agents	0.05613311672998444
TNF	TIMOLOL MALEATE	Approved	""	0.3742207781998963
TNF	ABBV-3373	Not Approved	""	0.1871103890999481
TNF	METHIMAZOLE	Approved	Antithyroid Agents	0.05346011117141375
TNF	PF-04236921	Not Approved	for treatment of Chron's disease,antiinflammatory agent	0.2806655836499222
TNF	LACTULOSE	Approved	""	0.2806655836499222
TNF	HALOFUGINONE	Not Approved	antineoplastic agent	0.1871103890999481
TNF	PROTON PUMP INHIBITOR	Not Approved	""	0.2806655836499222
TNF	MITOMYCIN C ANALOG KW-2149	Not Approved	""	1.122662334599689
TNF	ATORVASTATIN CALCIUM TRIHYDRATE	Approved	anticholesterolaemic agent,antihypecholesterolemic agent	0.03061806367090061
TNF	DIGOXIN	Approved	Anti-Arrhythmia Agents; Cardiotonic Agents	0.0165097402147013
TNF	PROCARBAZINE HYDROCHLORIDE	Approved	""	0.5613311672998444
TNF	LAPACHONE	Not Approved	""	0.0431793205615265
TNF	ORTATAXEL	Not Approved	antineoplastic agent	0.1871103890999481
TNF	IMMUNOSTIMULANT	Not Approved	""	1.122662334599689
TNF	RABEPRAZOLE	Approved	Proton pump inhibitor	0.0431793205615265
TNF	RIFAMPIN	Approved	""	0.06014262506784048
TNF	PNEUMOCOCCAL POLYVALENT VACCINE	Not Approved	""	1.122662334599689
TNF	CEFOTAXIME SODIUM	Approved	""	0.1122662334599689
TNF	ETANERCEPT	Approved	DMARD,antiinflammatory agent	0.086358641123053
TNF	AZ9773	Not Approved	""	0.5613311672998444
TNF	TETRANDRINE	Not Approved	""	0.3742207781998963
TNF	REMTOLUMAB	Not Approved	""	0.2806655836499222
TNF	CELASTROL	Not Approved	""	0.1122662334599688
TNF	LENALIDOMIDE	Approved	antineoplastic agent	0.086358641123053
TNF	HUANG LIAN	Not Approved	""	1.122662334599689
TNF	ANESTHETIC AGENT	Not Approved	""	0.1122662334599688
TNF	STAVUDINE	Approved	""	0.086358641123053
TNF	CARBAMAZEPINE	Approved	for treatment of bipolar disorder	0.04582295243264036
TNF	AMPHOTERICIN B LIPOSOMAL	Approved	""	0.0431793205615265
TNF	INSULIN, REGULAR, HUMAN	Approved	for treatment of diabetic foot ulcers,antidiabetic	0.03177346229999119
TNF	BACILLUS CALMETTE-GUERIN ANTIGEN	Not Approved	""	0.09355519454997407
TNF	RUTIN	Approved	""	0.1122662334599688
TNF	VITAMIN B6	Approved	""	0.1871103890999481
TNF	MIDAZOLAM HYDROCHLORIDE	Approved	Anesthesia; Hypnotics and Sedatives,Adjuvants	0.03118506484999135
TNF	GEMCITABINE	Approved	antineoplastic agent	0.01220285146304009
CDKN2A	RIBOCICLIB	Approved	antineoplastic agent	0.5178948269730707
CDKN2A	PACLITAXEL	Approved	for treatment of peripheral arterial disease (PAD),DMARD,antiinflammatory agent,antineoplastic agent	0.03389857049278282
CDKN2A	ULIXERTINIB	Not Approved	""	0.3728842754206109
CDKN2A	ALVOCIDIB	Not Approved	antineoplastic agent	0.1775639406764813
CDKN2A	PF-04691502	Not Approved	""	0.3107368961838424
CDKN2A	ILORASERTIB	Not Approved	""	0.0160725980784746
CDKN2A	VEMURAFENIB	Approved	antineoplastic agent	0.2015590677949248
CDKN2A	RONICICLIB	Not Approved	""	0.06658647775368053
CDKN2A	CETUXIMAB	Approved	antineoplastic agent	0.1007795338974624
CDKN2A	SAPANISERTIB	Approved	antineoplastic agent	0.1621235980089612
CDKN2A	TEMOZOLOMIDE	Approved	""	0.1775639406764813
CDKN2A	PF-00477736	Not Approved	""	0.9322106885515273
CDKN2A	HMN-214	Not Approved	""	1.864421377103054
CDKN2A	MILCICLIB	Not Approved	""	0.3389857049278281
CDKN2A	POLO-LIKE KINASE 1 INHIBITOR GSK461364	Not Approved	""	1.864421377103054
CDKN2A	COBIMETINIB	Approved	antineoplastic agent	0.1962548818003215
CDKN2A	GEMCITABINE	Approved	antineoplastic agent	0.04053089950224032
CDKN2A	PANITUMUMAB	Approved	antineoplastic agent	0.09322106885515273
CDKN2A	BUPARLISIB	Not Approved	""	0.1491537101682443
CDKN2A	(10R)-10-METHYL-3-(6-METHYLPYRIDIN-3-YL)-9,10,11,12-TETRAHYDRO-8H-[1,4]DIAZEPINO[5',6':4,5]THIENO[3,2-F]QUINOLIN-8-ONE	Not Approved	""	1.242947584735369
CDKN2A	SIROLIMUS	Approved	for treatment of wet age-related macular degeneration,immunosuppressant	0.06429039231389842
CDKN2A	CARBOPLATIN	Approved	""	0.04335863667681523
CDKN2A	PALBOCICLIB	Approved	""	1.02360389331148
CDKN2A	EVEROLIMUS	Approved	immunosuppressant	0.1096718457119443
CDKN2A	LETROZOLE	Approved	antineoplastic agent	0.1035789653946141
CDKN2A	TRAMETINIB DIMETHYL SULFOXIDE	Approved	antineoplastic agent	0.27767977956854
CDKN2A	DABRAFENIB	Approved	antineoplastic agent	0.2762105743856377
CDKN2A	ABEMACICLIB	Approved	""	0.7850195272012861
PTEN	BUPARLISIB	Not Approved	""	0.1244593872927072
PTEN	PP-242	Not Approved	""	0.17286026012876
PTEN	PANITUMUMAB	Approved	antineoplastic agent	0.05185807803862801
PTEN	PILARALISIB	Not Approved	""	0.06100950357485648
PTEN	GSK2636771	Not Approved	""	0.21607532516095
PTEN	GEFITINIB	Approved	antineoplastic agent	0.01032001553007522
PTEN	AZD6482	Not Approved	""	0.1536535645588978
PTEN	AFATINIB	Approved	antineoplastic agent	0.05762008670958668
PTEN	PEMBROLIZUMAB	Approved	""	0.05238189700871516
PTEN	ERLOTINIB	Approved	antineoplastic agent	0.01234716143776857
PTEN	ENZALUTAMIDE	Approved	antineoplastic agent	0.12964519509657
PTEN	M-2698	Not Approved	""	0.0768267822794489
PTEN	BIRINAPANT	Not Approved	""	0.08643013006438002
PTEN	VEMURAFENIB	Approved	antineoplastic agent	0.07475038275838272
PTEN	VENETOCLAX	Approved	""	0.0314291382052291
PTEN	TIRBANIBULIN	Approved	antineoplastic agent	0.138288208103008
PTEN	METFORMIN	Approved	antidiabetic	0.01686441562231805
PTEN	TRASTUZUMAB	Approved	antineoplastic agent	0.02560892742648297
PTEN	CISPLATIN	Approved	""	0.009407361095442724
PTEN	NVP-AEW541	Not Approved	""	0.17286026012876
PTEN	PF-04691502	Not Approved	""	0.08643013006438002
PTEN	LEUCOVORIN CALCIUM	Approved	adjuvant to chemotherapy	0.02881004335479334
PTEN	VORINOSTAT	Approved	antineoplastic agent	0.01852074215665286
PTEN	PI3K/BET INHIBITOR LY294002	Not Approved	""	0.17286026012876
PTEN	ACALISIB	Not Approved	""	0.0493886457510743
PTEN	ANTINEOPLASTIC AGENT	Not Approved	""	0.0493886457510743
PTEN	SORAFENIB	Approved	antineoplastic agent	0.009018796180630959
PTEN	MULTI-AGC KINASE INHIBITOR AT13148	Not Approved	""	0.3457205202575201
PTEN	RUCAPARIB	Approved	""	0.04321506503219001
PTEN	RISOVALISIB	Not Approved	""	0.3457205202575201
PTEN	NAVITOCLAX	Not Approved	""	0.04321506503219001
PTEN	TAS0612	Not Approved	""	0.06914410405150402
PTEN	FLUOROURACIL	Approved	""	0.01490174656282413
PTEN	GSK2334470	Not Approved	""	0.1152401734191733
PTEN	BORUSSERTIB	Not Approved	""	0.3457205202575201
PTEN	CAPIVASERTIB	Approved	""	0.311148468231768
PTEN	CX-5461	Not Approved	""	0.6914410405150402
PTEN	PLX-4720	Not Approved	""	0.0768267822794489
PTEN	2-METHOXYESTRADIOL	Not Approved	""	0.06914410405150402
PTEN	PACLITAXEL	Approved	for treatment of peripheral arterial disease (PAD),DMARD,antiinflammatory agent,antineoplastic agent	0.02828622438470619
PTEN	GSK690693	Not Approved	""	0.04321506503219001
PTEN	AZD8835	Not Approved	""	0.1152401734191733
PTEN	EVEROLIMUS	Approved	immunosuppressant	0.17286026012876
PTEN	UPROSERTIB	Not Approved	""	0.06914410405150402
PTEN	PKI-179	Not Approved	""	0.2304803468383467
PTEN	MS417	Not Approved	""	0.2304803468383467
PTEN	BEVACIZUMAB	Approved	antineoplastic agent	0.017286026012876
PTEN	NIVOLUMAB	Approved	antineoplastic agent	0.07978165852096618
PTEN	SIROLIMUS	Approved	for treatment of wet age-related macular degeneration,immunosuppressant	0.02384279450051862
PTEN	ERDAFITINIB	Approved	""	0.05318777234731078
PTEN	PALBOCICLIB	Approved	""	0.02711533492215843
PTEN	UMI-77	Not Approved	""	0.6914410405150402
PTEN	PAXALISIB	Not Approved	""	0.0628582764104582
PTEN	CC-115	Not Approved	""	0.1152401734191733
PTEN	SAR260301	Not Approved	""	0.12964519509657
PTEN	TRAMETINIB DIMETHYL SULFOXIDE	Approved	antineoplastic agent	0.02942302300064001
PTEN	BRAFV600/PI3K INHIBITOR ASN003	Not Approved	""	0.1152401734191733
PTEN	OSIMERTINIB	Approved	""	0.0493886457510743
PTEN	ONATASERTIB	Not Approved	""	0.2304803468383467
PTEN	CAPMATINIB	Approved	""	0.2304803468383467
PTEN	AKT INHIBITOR LY2780301	Not Approved	""	0.17286026012876
PTEN	AZD8055	Not Approved	""	0.05762008670958668
PTEN	ALPELISIB	Approved	""	0.1440502167739667
PTEN	CAPECITABINE	Approved	""	0.01355766746107921
PTEN	PICTILISIB	Not Approved	""	0.1571456910261454
PTEN	SONOLISIB	Not Approved	""	0.05762008670958668
PTEN	TEMOZOLOMIDE	Approved	""	0.04938864575107429
PTEN	OMIPALISIB	Not Approved	""	0.017286026012876
PTEN	ABIRATERONE ACETATE	Approved	antineoplastic agent	0.07408296862661146
PTEN	INFIGRATINIB	Approved	""	0.02560892742648297
PTEN	COBIMETINIB	Approved	antineoplastic agent	0.03639163371131791
PTEN	GEDATOLISIB	Not Approved	""	0.06402231856620742
PTEN	LETROZOLE	Approved	antineoplastic agent	0.03841339113972445
PTEN	PAN-AKT INHIBITOR ARQ751	Not Approved	""	0.2304803468383467
PTEN	AKT INHIBITOR MK2206	Not Approved	""	0.2469432287553715
PTEN	NIRAPARIB	Approved	antineoplastic agent	0.04067300238323766
PTEN	ZSTK474	Not Approved	""	0.0314291382052291
PTEN	IDELALISIB	Approved	antineoplastic agent	0.0768267822794489
PTEN	RIBOCICLIB	Approved	antineoplastic agent	0.05762008670958668
PTEN	OSI-027	Not Approved	antineoplastic agent	0.0768267822794489
PTEN	VISTUSERTIB	Not Approved	""	0.08643013006438002
PTEN	BINIMETINIB	Approved	antineoplastic agent,DMARD,antiinflammatory agent	0.06914410405150402
PTEN	DABRAFENIB	Approved	antineoplastic agent	0.06402231856620742
PTEN	VELIPARIB	Not Approved	""	0.0314291382052291
PTEN	MIRDAMETINIB	Not Approved	""	0.04609606936766935
PTEN	VANDETANIB	Approved	antineoplastic agent	0.01788209587538896
PTEN	PI3K INHIBITOR BGT226	Not Approved	""	0.17286026012876
PTEN	OXALIPLATIN	Approved	""	0.03639163371131791
PTEN	ENCORAFENIB	Approved	""	0.1536535645588978
PTEN	BAY1125976	Not Approved	""	0.138288208103008
PTEN	CHEMBL:CHEMBL589258	Not Approved	""	0.3457205202575201
PTEN	SAPANISERTIB	Approved	antineoplastic agent	0.06012530787087306
PTEN	ABT-737	Not Approved	""	0.17286026012876
PTEN	DOCETAXEL ANHYDROUS	Approved	antineoplastic agent	0.00833061494596434
PTEN	PROGESTERONE	Approved	for reducing the risk of pre-term birth for women with short cervix a mid-pregnancy,for prevention of preterm delivery,for symptomatic treatment of menopausal symptoms,neuroprotectant for stroke victims	0.01171933966974644
PTEN	VS-5584	Not Approved	""	0.0628582764104582
PTEN	TAS-117	Not Approved	""	0.17286026012876
PTEN	SAMOTOLISIB	Not Approved	""	0.0921921387353387
PTEN	XL765	Not Approved	antineoplastic agent	0.03841339113972445
PTEN	IZORLISIB	Not Approved	""	0.1152401734191733
PTEN	DS-7423	Not Approved	""	0.02304803468383467
PTEN	TOPOTECAN HYDROCHLORIDE	Approved	antineoplastic agent	0.02881004335479334
PTEN	IPILIMUMAB	Approved	antineoplastic agent	0.04609606936766935
PTEN	IMATINIB	Approved	antineoplastic agent	0.009603347784931113
PTEN	OLAPARIB	Approved	""	0.0225469904515774
PTEN	ATEZOLIZUMAB	Approved	""	0.01920669556986222
PTEN	GDC-0152	Not Approved	""	0.3457205202575201
PTEN	APITOLISIB	Not Approved	""	0.02659388617365539
PTEN	MEK INHIBITOR CI-1040	Not Approved	""	0.3457205202575201
PTEN	TALAZOPARIB	Approved	""	0.0493886457510743
PTEN	PEMETREXED DISODIUM	Approved	Antineoplastic Agents,antineoplastic agent	0.02659388617365539
PTEN	PANULISIB	Not Approved	""	0.04321506503219001
PTEN	FIMEPINOSTAT	Not Approved	""	0.02659388617365539
PTEN	CARBOPLATIN	Approved	""	0.02412003629703629
PTEN	U0126	Not Approved	""	0.1152401734191733
PTEN	TGX-221	Not Approved	""	0.17286026012876
PTEN	MIRANSERTIB	Not Approved	""	0.17286026012876
PTEN	TASELISIB	Not Approved	""	0.1152401734191733
PTEN	PI3KBETA INHIBITOR AZD8186	Not Approved	""	0.17286026012876
PTEN	CHEMBL:CHEMBL263664	Not Approved	""	0.3457205202575201
PTEN	NERATINIB	Approved	antineoplastic agent	0.04609606936766935
PTEN	RIGOSERTIB SODIUM	Not Approved	""	0.1152401734191733
PTEN	SF1126	Not Approved	antineoplastic agent	0.05762008670958668
PTEN	REGORAFENIB	Approved	antineoplastic agent	0.02095275880348606
PTEN	SELUMETINIB	Approved	""	0.0314291382052291
PTEN	BLZ945	Not Approved	""	0.3457205202575201
PTEN	FULVESTRANT	Approved	antineoplastic agent	0.0414864624309024
PTEN	KU-55933	Not Approved	""	0.2304803468383467
PTEN	AZD8186	Not Approved	""	0.3457205202575201
PTEN	RMC-5552	Not Approved	""	0.3457205202575201
PTEN	MTOR INHIBITOR	Not Approved	""	0.05762008670958668
PTEN	GEMCITABINE	Approved	antineoplastic agent	0.007515663483859133
PTEN	GSK2256098	Not Approved	""	0.6914410405150402
PTEN	ONC201	Not Approved	""	0.17286026012876
PTEN	GDC-0879	Not Approved	""	0.138288208103008
PTEN	SUNITINIB	Approved	antineoplastic agent	0.01440502167739667
PTEN	E6201	Not Approved	""	0.0987772915021486
PTEN	CETUXIMAB	Approved	antineoplastic agent	0.05606278706878705
PTEN	TEMSIROLIMUS	Approved	antineoplastic agent	0.1843842774706774
PTEN	VOXTALISIB	Not Approved	""	0.04321506503219001
PTEN	COMMENSAL BACTERIAL STRAIN FORMULATION VE800	Not Approved	""	0.3457205202575201
PTEN	KU-60019	Not Approved	""	0.17286026012876
PTEN	ONVANSERTIB	Not Approved	""	0.1152401734191733
PTEN	EPIDERMAL GROWTH FACTOR RECEPTOR TYROSINE KINASE INHIBITOR	Not Approved	""	0.03841339113972445
PTEN	LAPATINIB	Approved	antineoplastic agent	0.01115227484701677
PTEN	CX-6258	Not Approved	""	0.17286026012876
PTEN	COPANLISIB	Approved	""	0.04714370730784365
PTEN	DACTOLISIB	Not Approved	""	0.04321506503219001
PTEN	IPATASERTIB	Not Approved	antineoplastic agent	0.4085787966679783
PTEN	AZD5991	Not Approved	""	0.25929039019314
PTEN	GANITUMAB	Not Approved	antineoplastic agent	0.1152401734191733
MITF	METAPHIT METHANESULFONATE	Not Approved	""	0.2462443328249317
MITF	CHEMBL:CHEMBL1576310	Not Approved	""	0.08954339375452064
MITF	CHEMBL:CHEMBL1098875	Not Approved	""	0.1641628885499545
MITF	CHEMBL:CHEMBL601140	Not Approved	""	0.2462443328249317
MITF	CHEMBL:CHEMBL1343568	Not Approved	""	0.1407110473285324
MITF	NIFUROXAZIDE	Not Approved	""	0.1641628885499545
MITF	CHEMBL:CHEMBL609606	Not Approved	""	0.09849773312997269
MITF	CHEMBL:CHEMBL22062	Not Approved	""	0.09849773312997269
MITF	CHEMBL:CHEMBL415711	Not Approved	""	0.984977331299727
MITF	8-AZAGUANINE	Not Approved	""	0.1641628885499545
MITF	CHEMBL:CHEMBL408653	Not Approved	""	0.1641628885499545
MITF	PLX-4720	Not Approved	""	0.1094419256999696
MITF	CHEMBL:CHEMBL259784	Not Approved	""	0.1641628885499545
MITF	CHEMBL:CHEMBL84010	Not Approved	""	0.0656651554199818
MITF	CHEMBL:CHEMBL482050	Not Approved	""	0.08208144427497725
MITF	CHEMBL:CHEMBL405914	Not Approved	""	0.1969954662599453
MITF	CHEMBL:CHEMBL583997	Not Approved	""	0.984977331299727
MITF	CHEMBL:CHEMBL582722	Not Approved	""	0.1641628885499545
MITF	CHEMBL:CHEMBL602718	Not Approved	""	0.08954339375452064
MITF	SELUMETINIB	Approved	""	0.02984779791817354
MITF	CHEMBL:CHEMBL597649	Not Approved	""	0.984977331299727
MITF	CHEMBL:CHEMBL1490332	Not Approved	""	0.1407110473285324
MITF	CHEMBL:CHEMBL588965	Not Approved	""	0.984977331299727
MITF	CHEMBL:CHEMBL578502	Not Approved	""	0.1094419256999696
MITF	PERHEXILINE MALEATE	Approved	""	0.08954339375452064
MITF	CHEMBL:CHEMBL1442783	Not Approved	""	0.1969954662599453
MITF	CHEMBL:CHEMBL95704	Not Approved	""	0.1969954662599453
MITF	CHEMBL:CHEMBL533082	Not Approved	""	0.1641628885499545
MITF	CHEMBL:CHEMBL602990	Not Approved	""	0.1231221664124658
MITF	CHEMBL:CHEMBL125044	Not Approved	""	0.1094419256999696
MITF	CHEMBL:CHEMBL1373255	Not Approved	""	0.328325777099909
MITF	VEMURAFENIB	Approved	antineoplastic agent	0.02662100895404667
MITF	CHEMBL:CHEMBL601351	Not Approved	""	0.2462443328249317
MITF	CHEMBL:CHEMBL1486366	Not Approved	""	0.1094419256999696
MITF	CHEMBL:CHEMBL1478462	Not Approved	""	0.4924886656498635
MITF	CHEMBL:CHEMBL1989750	Not Approved	""	0.1641628885499545
MITF	CHEMBL:CHEMBL536375	Not Approved	""	0.328325777099909
MITF	CHEMBL:CHEMBL589715	Not Approved	""	0.2462443328249317
MITF	CHEMBL:CHEMBL591370	Not Approved	""	0.1969954662599453
MITF	HOMIDIUM BROMIDE	Not Approved	""	0.03396473556205955
MITF	DABRAFENIB	Approved	antineoplastic agent	0.03648064189998989
MITF	ARTEANNUIN B	Not Approved	""	0.4924886656498635
MITF	CHEMBL:CHEMBL579957	Not Approved	""	0.328325777099909
MITF	CHEMBL:CHEMBL578675	Not Approved	""	0.1407110473285324
MITF	CHEMBL:CHEMBL601146	Not Approved	""	0.1407110473285324
MITF	CHEMBL:CHEMBL1453126	Not Approved	""	0.08208144427497725
MITF	CHEMBL:CHEMBL578905	Not Approved	""	0.1407110473285324
MITF	PIPERLONGUMINE	Not Approved	""	0.1094419256999696
MITF	AURIN	Not Approved	""	0.08954339375452064
MITF	CHEMBL:CHEMBL591834	Not Approved	""	0.1407110473285324
MITF	CHEMBL:CHEMBL534535	Not Approved	""	0.2462443328249317
MITF	CHEMBL:CHEMBL534244	Not Approved	""	0.4924886656498635
MITF	CHEMBL:CHEMBL1594756	Not Approved	""	0.984977331299727
IFNA1	DIETHYLDITHIOCARBAMATE	Not Approved	""	1.355942819711312
IFNA1	RECOMBINANT PROTHYMOSIN ALPHA	Not Approved	""	3.163866579326396
IFNA1	CL 246738	Not Approved	""	9.491599737979188
IFNA1	RONTALIZUMAB	Not Approved	""	0.3650615283838149
IFNA1	CORYNEBACTERIUM GRANULOSUM P40	Not Approved	""	9.491599737979188
IFNA1	SIFALIMUMAB	Not Approved	for treatment of systemic lupues erythematosus	0.3163866579326396
IFNA1	PROTEIN SYNTHESIS INHIBITOR	Not Approved	""	0.790966644831599
IFNA1	FARALIMOMAB	Not Approved	""	2.372899934494797
IFNA1	IMIQUIMOD	Approved	antineoplastic agent,anti wart agent	2.372899934494797
IFNA1	CASPASE INHIBITOR	Not Approved	""	3.163866579326396
IFNA1	METYROSINE	Approved	Catecholamine synthesis inhibitors	0.7301230567676299
TERT	TELOMESTATIN	Not Approved	""	2.983074203364887
TERT	RECOMBINANT VASCULAR ENDOTHELIAL GROWTH FACTOR	Not Approved	""	0.2130767288117777
TERT	ISOBONDUCELLIN	Not Approved	""	2.983074203364887
TERT	IMETELSTAT	Approved	antineoplastic agent	2.983074203364887
TERT	CHEMBL:CHEMBL481161	Not Approved	""	2.983074203364887
TERT	TERTOMOTIDE	Not Approved	antineoplastic agent	2.983074203364887
TERT	CHEMBL:CHEMBL190474	Not Approved	""	2.983074203364887
TERT	ERIBULIN MESYLATE	Approved	""	0.4971790338941478
TERT	CHEMBL:CHEMBL608862	Not Approved	""	2.983074203364887
TERT	CHEMBL:CHEMBL520095	Not Approved	""	2.983074203364887
TERT	9,10-PHENANTHRENEQUINONE	Not Approved	""	0.1147336232063418
TERT	ARSENIC TRIOXIDE	Approved	antineoplastic agent	0.1147336232063418
TERT	RALOXIFENE HYDROCHLORIDE	Approved	Hormone Replacement Agents	0.05966148406729774
TERT	CHEMBL:CHEMBL2336666	Not Approved	""	2.983074203364887
TERT	IODINE I-131	Approved	""	1.491537101682443
TERT	EPITALON	Not Approved	""	1.491537101682443
TERT	CHEMBL:CHEMBL89250	Not Approved	""	2.983074203364887
TERT	CHEMBL:CHEMBL144757	Not Approved	""	2.983074203364887
TERT	CHEMBL:CHEMBL17442	Not Approved	""	2.983074203364887
TERT	HTERT VACCINE V934/V935	Not Approved	antineoplastic agent	0.4971790338941478
TERT	HTERT-LAMP MRNA-LOADED AUTOLOGOUS DENDRITIC CELL VACCINE GRNVAC1	Not Approved	""	1.491537101682443
TERT	CHEMBL:CHEMBL89977	Not Approved	""	2.983074203364887
TERT	CHEMBL:CHEMBL1254091	Not Approved	""	2.983074203364887
TERT	BERBERINE	Not Approved	""	0.2983074203364887
TERT	DENDRITIC CELL VACCINE	Not Approved	""	0.7457685508412218
TERT	IMETELSTAT SODIUM	Approved	""	1.491537101682443
TERT	BDNF	Not Approved	""	0.4971790338941478
TERT	CHEMBL:CHEMBL481160	Not Approved	""	2.983074203364887
TERT	SURATADENOTUREV	Not Approved	""	1.491537101682443
TERT	ANTISENSE OLIGONUCLEOTIDES	Not Approved	""	0.09039618798075416
TERT	CHEMBL:CHEMBL91163	Not Approved	""	2.983074203364887
TERT	OMACETAXINE MEPESUCCINATE	Approved	antineoplastic agent	0.5966148406729774
TERT	HLA-A*0201 RESTRICTED TERT(572Y)/TERT(572) PEPTIDES VACCINE VX-001	Not Approved	""	1.491537101682443
TERT	CHEMBL:CHEMBL457246	Not Approved	""	2.983074203364887
TERT	SODIUM METAARSENITE	Not Approved	""	2.983074203364887
KIT	BINIMETINIB	Approved	antineoplastic agent,DMARD,antiinflammatory agent	0.1228324671973777
KIT	BEVACIZUMAB	Approved	antineoplastic agent	0.03070811679934442
KIT	DOVITINIB	Not Approved	antineoplastic agent	0.03040407603895487
KIT	AMUVATINIB	Not Approved	antineoplastic agent	0.4386873828477776
KIT	AKT INHIBITOR MK2206	Not Approved	""	0.08773747656955552
KIT	SP-600125	Not Approved	""	0.006900700404347063
KIT	SORAFENIB	Approved	antineoplastic agent	0.1281730092494376
KIT	CABOZANTINIB S-MALATE	Approved	antineoplastic agent	0.167498818905515
KIT	MOTESANIB	Not Approved	antineoplastic agent	0.2233317585406867
KIT	SUNITINIB	Approved	antineoplastic agent	0.499006897989347
KIT	XL-999	Not Approved	""	0.05583293963517169
KIT	PEXIDARTINIB	Approved	""	0.2632124297086666
KIT	PAZOPANIB HYDROCHLORIDE	Not Approved	""	0.2047207786622961
KIT	RIPRETINIB	Approved	""	1.59682207356591
KIT	MIDOSTAURIN	Approved	antineoplastic agent	0.2105699437669332
KIT	MASITINIB	Approved	antineoplastic agent,DMARD,antiinflammatory agent	0.1806359811726142
KIT	NINTEDANIB ESYLATE	Approved	antineoplastic agent	0.07369948031842662
KIT	JNJ-7706621	Not Approved	""	0.01116658792703433
KIT	TANDUTINIB	Not Approved	antineoplastic agent	0.1316062148543333
KIT	NILOTINIB	Approved	antineoplastic agent	0.6525474819860692
KIT	TELATINIB	Not Approved	antineoplastic agent	0.2632124297086666
KIT	SERALUTINIB	Not Approved	""	0.102360389331148
KIT	CEDIRANIB	Not Approved	antineoplastic agent	0.02193436914238888
KIT	GILTERITINIB	Approved	""	0.06824025955409872
KIT	CYTARABINE	Approved	antineoplastic agent	0.01535405839967221
KIT	ADAVOSERTIB	Not Approved	antineoplastic agent	0.04386873828477776
KIT	XL820	Not Approved	antineoplastic agent	0.3070811679934442
KIT	TIVOZANIB HYDROCHLORIDE	Approved	""	0.1228324671973777
KIT	BARASERTIB	Not Approved	""	0.04724325661437605
KIT	GW843682X	Not Approved	""	0.01574775220479201
KIT	PEMBROLIZUMAB	Approved	""	0.07444391951356225
KIT	SPARTALIZUMAB	Not Approved	""	0.4094415573245923
KIT	ILORASERTIB	Not Approved	""	0.005294502896438694
KIT	IDRX-42	Not Approved	""	0.6141623359868885
KIT	FF-10101	Not Approved	""	0.4094415573245923
KIT	AMG-191	Not Approved	""	1.228324671973777
KIT	CATEQUENTINIB	Not Approved	""	0.1228324671973777
KIT	OSI-930	Not Approved	antineoplastic agent	0.2456649343947554
KIT	CHEMBL:CHEMBL578061	Not Approved	""	0.02456649343947554
KIT	OLVEREMBATINIB	Not Approved	""	0.2047207786622961
KIT	ENMD-2076	Not Approved	antineoplastic agent	0.03962337651528313
KIT	INFIGRATINIB	Approved	""	0.0909870127387983
KIT	XL-820	Not Approved	""	0.2047207786622961
KIT	TORIPALIMAB-TPZI	Approved	""	0.3070811679934442
KIT	CYC-116	Not Approved	""	0.006331570474091635
KIT	FORETINIB	Not Approved	antineoplastic agent	0.03232433347299413
KIT	FAMITINIB	Not Approved	""	0.175474953139111
KIT	VATALANIB	Not Approved	antineoplastic agent	0.1364805191081974
KIT	PEXIDARTINIB HYDROCHLORIDE	Approved	""	0.2047207786622961
KIT	CENISERTIB	Not Approved	antineoplastic agent	0.01561429667763276
KIT	PI3K/BET INHIBITOR LY294002	Not Approved	""	0.2047207786622961
KIT	SU-014813	Not Approved	""	0.08773747656955552
KIT	AZD3229	Not Approved	""	1.228324671973777
KIT	ROMIPLOSTIM	Approved	for treatment of thrombocytopenia	0.07677029199836106
KIT	TOCERANIB PHOSPHATE	Approved	""	0.2047207786622961
KIT	VENETOCLAX	Approved	""	0.05583293963517169
KIT	LINIFANIB	Not Approved	antineoplastic agent	0.007677029199836107
KIT	COPANLISIB	Approved	""	0.05583293963517169
KIT	CM-082	Not Approved	""	0.1535405839967221
KIT	CRIZOTINIB	Approved	antineoplastic agent	0.07369948031842662
KIT	AST-487	Not Approved	""	0.01497956917041191
KIT	FLUMATINIB	Not Approved	""	0.6141623359868885
KIT	LETROZOLE	Approved	antineoplastic agent	0.06824025955409872
KIT	XL999	Not Approved	antineoplastic agent	0.06141623359868885
KIT	LENVATINIB	Approved	antineoplastic agent	0.03232433347299413
KIT	AVAPRITINIB	Approved	""	2.088151942355421
KIT	DASATINIB ANHYDROUS	Approved	antineoplastic agent	0.2909190012569472
KIT	BEZUCLASTINIB	Not Approved	""	1.842487007960665
KIT	ENTRECTINIB	Approved	""	0.01077477782433137
KIT	CRENOLANIB	Not Approved	""	0.1637766229298369
KIT	SNS-314	Not Approved	antineoplastic agent	0.01462291276159258
KIT	AXITINIB	Approved	antineoplastic agent	0.175474953139111
KIT	TRAMETINIB DIMETHYL SULFOXIDE	Approved	antineoplastic agent	0.03920185123320565
KIT	RG-1530	Not Approved	""	0.006533641872200942
KIT	IMATINIB	Approved	antineoplastic agent	1.049193990644268
KIT	MOTESANIB DIPHOSPHATE	Not Approved	""	1.228324671973777
KIT	REGORAFENIB	Approved	antineoplastic agent	0.3536086176894206
KIT	MIRDAMETINIB	Not Approved	""	0.08188831146491848
KIT	PONATINIB	Approved	antineoplastic agent	0.3307027963006323
KIT	PAZOPANIB	Approved	antineoplastic agent	0.04309911129732551
KIT	DERAZANTINIB	Not Approved	antineoplastic agent	0.1535405839967221
KIT	SEMAXANIB	Not Approved	""	0.03612719623452285
KIT	BAY 61-3606	Not Approved	""	0.01497956917041191
KIT	QUIZARTINIB	Approved	antineoplastic agent	0.6141623359868885
KIT	THE-630	Not Approved	""	0.6141623359868885
CTLA4	TREMELIMUMAB	Approved	antineoplastic agent	1.202852501356809
CTLA4	IPILIMUMAB	Approved	antineoplastic agent	0.8981298676797511
CTLA4	CYCLOSPORINE	Approved	immunosuppressant,opthalmological agent	0.03871249429654099
CTLA4	ATEZOLIZUMAB	Approved	""	0.09355519454997407
CTLA4	VISILIZUMAB	Not Approved	for treatment of ulcerative colitis,for treatment of Chron's disease,immunosuppressant,antiinflammatory agent	0.6735974007598133
CTLA4	BLEOMYCIN	Approved	antineoplastic agent	0.2104991877374416
CTLA4	ANTIBIOTIC	Not Approved	""	0.1981168825764157
CTLA4	METHIMAZOLE	Approved	Antithyroid Agents	0.1603803335142412
CTLA4	RETRO-INVERSO PEPTIDE	Not Approved	""	3.367987003799066
CTLA4	MELPHALAN	Approved	""	0.1683993501899533
CTLA4	RECOMBINANT FAS LIGAND	Not Approved	""	0.8419967509497667
CTLA4	ZALIFRELIMAB	Not Approved	""	3.367987003799066
CTLA4	RIBAVIRIN	Approved	""	0.0886312369420807
CTLA4	ANTI-THYMOCYTE GLOBULIN	Approved	Immunomodulatory Agents	0.3061806367090061
CTLA4	QUAVONLIMAB	Not Approved	""	3.367987003799066
CTLA4	COMPOUND 32 [PMID: 20471253]	Not Approved	""	0.5613311672998444
CTLA4	SIROLIMUS	Approved	for treatment of wet age-related macular degeneration,immunosuppressant	0.08710311216721724
CTLA4	BISPECIFIC ANTIBODY	Not Approved	""	0.5613311672998444
CTLA4	CADONILIMAB	Not Approved	""	0.8419967509497667
CTLA4	APLITHIANINE A	Not Approved	""	0.3367987003799066
CTLA4	PEGINTERFERON ALFA-2A	Approved	Antineoplastic Agents; Immunomodulatory Agents,for treatment of hepatitis B and C	0.1161374828896229
CTLA4	INOSINE 5'-MONOPHOSPHATE DEHYDROGENASE INHIBITOR FF-10501-01	Not Approved	""	1.683993501899533
CTLA4	ABATACEPT	Approved	DMARD,antiinflammatory agent,immunosuppressant	0.6735974007598133
CTLA4	WORTMANNIN	Not Approved	""	0.1202852501356809
CTLA4	ERFONRILIMAB	Not Approved	""	0.8419967509497667
CTLA4	THALIDOMIDE	Approved	antineoplastic agent	0.09102667577835315
CTLA4	FF-10501-01	Not Approved	""	1.683993501899533
CTLA4	PEGINTERFERON ALFA-2B	Approved	""	0.1052495938687208
CTLA4	TETRADECANOYLPHORBOL ACETATE	Not Approved	""	0.1098256631673608
CTLA4	DEHYDRATED ALCOHOL	Approved	""	0.04263274688353249
CTLA4	PREDNISONE	Approved	corticosteroid,antiinflammatory agent	0.07484415563997926
TP53	VEMURAFENIB	Approved	antineoplastic agent	0.009364469963923499
TP53	CHEMBL:CHEMBL602150	Not Approved	""	0.02887378238876412
TP53	CHEMBL:CHEMBL201325	Not Approved	""	0.01154951295550564
TP53	CHK1 INHIBITOR GDC-0575	Not Approved	""	0.2309902591101129
TP53	FENTICLOR	Not Approved	""	0.006078691029213499
TP53	PACLITAXEL	Approved	for treatment of peripheral arterial disease (PAD),DMARD,antiinflammatory agent,antineoplastic agent	0.006299734339366717
TP53	CHEMBL:CHEMBL85194	Not Approved	""	0.01924918825917608
TP53	ERLOTINIB	Approved	antineoplastic agent	0.004124826055537731
TP53	CHEMBL:CHEMBL408563	Not Approved	""	0.02309902591101129
TP53	HEXACHLOROPHENE	Approved	""	0.002816954379391621
TP53	BORTEZOMIB	Approved	antineoplastic agent	0.001358766230059488
TP53	IL-27 SUBUNIT &ALPHA;	Not Approved	""	0.2309902591101129
TP53	CHEMBL:CHEMBL195350	Not Approved	""	0.05774756477752824
TP53	PHA-680632	Not Approved	""	0.2309902591101129
TP53	CHEMBL:CHEMBL1389794	Not Approved	""	0.02309902591101129
TP53	SERTRALINE HYDROCHLORIDE	Approved	for treatment of obsessive compulsive disorder (OCD),antidepressant	0.01154951295550564
TP53	CHEMBL:CHEMBL99408	Not Approved	""	0.05774756477752824
TP53	THIMEROSAL	Approved	""	0.005021527371958978
TP53	ABIRATERONE ACETATE	Approved	antineoplastic agent	0.01649930422215092
TP53	TRICLOCARBAN	Not Approved	""	0.01649930422215092
TP53	ENZALUTAMIDE	Approved	antineoplastic agent	0.01443689119438206
TP53	ALRIZOMADLIN	Not Approved	""	0.1732426943325847
TP53	THIOUREIDOBUTYRONITRILE	Not Approved	""	0.3464853886651694
TP53	VENETOCLAX	Approved	""	0.02099911446455572
TP53	PIMASERTIB	Not Approved	""	0.02887378238876412
TP53	EPIRUBICIN	Approved	Antineoplastic Agents	0.01924918825917608
TP53	MDM2 INHIBITOR AMGMDS3	Not Approved	""	0.1154951295550564
TP53	SULCONAZOLE NITRATE	Approved	""	0.03849837651835216
TP53	TYRPHOSTIN A9	Not Approved	""	0.005249778616138931
TP53	GOSSYPOL	Not Approved	""	0.00721844559719103
TP53	LAPACHONE	Not Approved	""	0.004442120367502173
TP53	CHEMBL:CHEMBL592123	Not Approved	""	0.02887378238876412
TP53	AZD6482	Not Approved	""	0.0256655843455681
TP53	SP600125	Not Approved	""	0.05774756477752824
TP53	SELICICLIB	Not Approved	antineoplastic agent	0.03849837651835216
TP53	AZACITIDINE	Approved	antineoplastic agent	0.008662134716629235
TP53	CHEMBL:CHEMBL410484	Not Approved	""	0.01443689119438206
TP53	CHEMBL:CHEMBL1241268	Not Approved	""	0.2309902591101129
TP53	ALK INHIBITOR TAE684	Not Approved	""	0.05774756477752824
TP53	SN-38	Not Approved	""	0.01649930422215092
TP53	METHYLENE BLUE	Not Approved	""	0.01283279217278405
TP53	CINNARIZINE	Approved	Anti-Allergic Agents	0.02099911446455572
TP53	PAROXETINE HYDROCHLORIDE, HEMIHYDRATE	Approved	antidepressant	0.004619805182202259
TP53	IBRUTINIB	Approved	antineoplastic agent	0.01358766230059488
TP53	CABOZANTINIB S-MALATE	Approved	antineoplastic agent	0.01049955723227786
TP53	CAPIVASERTIB	Approved	""	0.02309902591101129
TP53	TAMOXIFEN	Approved	Hormonal,Antineoplastic Agents	0.003553696294001737
TP53	PF-04217903	Not Approved	""	0.07699675303670432
TP53	DOCETAXEL ANHYDROUS	Approved	antineoplastic agent	0.004174522755002042
TP53	GALLIC ACID	Not Approved	""	0.00962459412958804
TP53	KINETIN RIBOSIDE	Not Approved	""	0.02887378238876412
TP53	MASOPROCOL	Approved	prostate cancer,antineoplastic agent	0.002457343182022478
TP53	CHEMBL:CHEMBL259422	Not Approved	""	0.1154951295550564
TP53	INDOPROFEN	Approved	""	0.00962459412958804
TP53	LONTUCIREV	Not Approved	""	0.1154951295550564
TP53	SANGUINARIUM	Not Approved	""	0.004619805182202259
TP53	7,8-DIHYDROXYFLAVONE	Not Approved	""	0.01443689119438206
TP53	CISPLATIN	Approved	""	0.01335657960840789
TP53	3-METHOXYCATECHOL	Not Approved	""	0.01154951295550564
TP53	EPRENETAPOPT	Not Approved	""	1.039456165995508
TP53	NAVITOCLAX	Not Approved	""	0.02165533679157309
TP53	CHEMBL:CHEMBL582473	Not Approved	""	0.03849837651835216
TP53	CHEMBL:CHEMBL407501	Not Approved	""	0.1154951295550564
TP53	PYRITHIONE ZINC	Approved	""	0.006416396086392026
TP53	IDASANUTLIN	Not Approved	""	0.1539935060734086
TP53	ASTEMIZOLE	Approved	Anti-Allergic Agents	0.00721844559719103
TP53	DOPAMINE	Approved	""	0.003982590674312292
TP53	HOMIDIUM BROMIDE	Not Approved	""	0.003982590674312292
TP53	SUNITINIB	Approved	antineoplastic agent	0.00481229706479402
TP53	INDIRUBIN-3'-MONOXIME	Not Approved	""	0.006078691029213499
TP53	DECITABINE	Approved	antineoplastic agent	0.00962459412958804
TP53	TRIFLUPROMAZINE	Approved	Antiemetics; Antipsychotic Agents	0.01443689119438206
TP53	CHEMBL:CHEMBL591618	Not Approved	""	0.02309902591101129
TP53	TOPICAL CORTICOSTEROID	Not Approved	""	0.07699675303670432
TP53	METHIMAZOLE	Approved	Antithyroid Agents	0.01099953614810061
TP53	DENDRITIC CELL VACCINE	Not Approved	""	0.05774756477752824
TP53	TRIACETYLRESVERATROL	Not Approved	""	0.05774756477752824
TP53	CHEMBL:CHEMBL154580	Not Approved	""	0.01049955723227786
TP53	BRIGATINIB	Approved	""	0.02099911446455572
TP53	CHEMBL:CHEMBL406557	Not Approved	""	0.01443689119438206
TP53	EMODIN	Not Approved	""	0.004442120367502173
TP53	VESNARINONE	Not Approved	""	0.02887378238876412
TP53	REBEMADLIN	Not Approved	""	0.4619805182202259
TP53	NUTLIN-3	Not Approved	""	0.2887378238876412
TP53	DIMETHYL GAMBOGATE	Not Approved	""	0.02309902591101129
TP53	IOXYNIL	Not Approved	""	0.03849837651835216
TP53	IRINOTECAN HYDROCHLORIDE	Approved	antineoplastic agent	0.005499768074050308
TP53	CHEMBL:CHEMBL601140	Not Approved	""	0.02887378238876412
TP53	APOMORPHINE	Approved	antiparkinson agent,for treatment of erectile dysfunction,for treatment of sexual dysfunction in women	0.004277597390928017
TP53	CHEMBL:CHEMBL184450	Not Approved	""	0.008249652111075463
TP53	IDELALISIB	Approved	antineoplastic agent	0.0256655843455681
TP53	TRAMETINIB DIMETHYL SULFOXIDE	Approved	antineoplastic agent	0.004914686364044956
TP53	BENDAMUSTINE	Approved	""	0.07699675303670432
TP53	CLIOQUINOL	Approved	""	0.006416396086392026
TP53	PUROMYCIN	Not Approved	""	0.0256655843455681
TP53	TRIFLOXYSTROBIN	Not Approved	""	0.03849837651835216
TP53	METHYL ROBUSTONE	Not Approved	""	0.02309902591101129
TP53	MPI-0479605	Not Approved	""	0.07699675303670432
TP53	IPILIMUMAB	Approved	antineoplastic agent	0.01539935060734086
TP53	OLAPARIB	Approved	""	0.007532291057938466
TP53	CLEMASTINE	Approved	Anti-Allergic Agents	0.01154951295550564
TP53	TEROXIRONE	Not Approved	""	0.02309902591101129
TP53	CHEMBL:CHEMBL177809	Not Approved	""	0.02887378238876412
TP53	FLUPENTHIXOL	Not Approved	Antipsychotic Agents	0.007699675303670432
TP53	SELUMETINIB	Approved	""	0.01049955723227786
TP53	OLEAMIDE	Not Approved	""	0.05774756477752824
TP53	P53-HDM2 INTERACTION INHIBITOR MI-773	Not Approved	""	0.2694886356284651
TP53	METHYLBENZETHONIUM CHLORIDE	Not Approved	""	0.01924918825917608
TP53	CHEMBL:CHEMBL587620	Not Approved	""	0.02309902591101129
TP53	MERCURIC CHLORIDE	Not Approved	""	0.005774756477752823
TP53	RITUXIMAB	Approved	antineoplastic agent	0.03208198043196013
TP53	CHEMBL:CHEMBL578890	Not Approved	""	0.03849837651835216
TP53	CYTARABINE	Approved	antineoplastic agent	0.002887378238876411
TP53	OSIMERTINIB	Approved	""	0.01649930422215092
TP53	FLAVANONE	Not Approved	""	0.01443689119438206
TP53	RALOXIFENE HYDROCHLORIDE	Approved	Hormone Replacement Agents	0.002309902591101129
TP53	PIMOZIDE	Approved	Antidyskinetics; Antipsychotic Agents	0.00339691557514872
TP53	AMOXAPINE	Approved	antidepressant	0.007699675303670432
TP53	ONONIN	Not Approved	""	0.02309902591101129
TP53	TARENFLURBIL	Not Approved	""	0.01924918825917608
TP53	FANCHININ	Not Approved	""	0.02887378238876412
TP53	MDM2 ANTAGONIST RO6839921	Not Approved	""	0.1154951295550564
TP53	VITAMIN K3	Approved	for reducing EGFR-inhibitor-induced dermatological side effects	0.003982590674312292
TP53	CHEMBL:CHEMBL1702181	Not Approved	""	0.1154951295550564
TP53	CYAZOFAMID	Not Approved	""	0.05774756477752824
TP53	CHEMBL:CHEMBL596633	Not Approved	""	0.01049955723227786
TP53	NAVTEMADLIN	Not Approved	""	0.09624594129588039
TP53	[3H]GBR12935	Not Approved	""	0.01649930422215092
TP53	RIMCAZOLE	Not Approved	antineoplastic agent	0.01924918825917608
TP53	VORINOSTAT	Approved	antineoplastic agent	0.008249652111075463
TP53	CHEMBL:CHEMBL1333386	Not Approved	""	0.01649930422215092
TP53	EZABENLIMAB	Not Approved	""	0.1154951295550564
TP53	CLOTRIMAZOLE	Approved	""	0.006242979975948999
TP53	PERPHENAZINE	Approved	Antipsychotic Agents	0.004442120367502173
TP53	FULVESTRANT	Approved	antineoplastic agent	0.009239610364404518
TP53	PALBOCICLIB	Approved	""	0.004529220766864959
TP53	TANESPIMYCIN	Not Approved	antineoplastic agent	0.02665272220501303
TP53	GENISTEIN	Approved	""	0.001991295337156146
TP53	ETHOPROPAZINE HYDROCHLORIDE	Approved	""	0.01649930422215092
TP53	SULANEMADLIN	Not Approved	""	0.1154951295550564
TP53	CHEMBL:CHEMBL528807	Not Approved	""	0.03849837651835216
TP53	HDM2 INHIBITOR MK-8242	Not Approved	""	0.1154951295550564
TP53	CRIZOTINIB	Approved	antineoplastic agent	0.02309902591101129
TP53	FENOFIBRATE MICRONIZED	Approved	anticholesterolaemic agent,antidyslipidaemic agent	0.008884240735004345
TP53	OCHRATOXIN A	Not Approved	""	0.01283279217278405
TP53	IODOQUINOL	Approved	""	0.01283279217278405
TP53	NEBULARINE	Not Approved	""	0.05774756477752824
TP53	JQ1	Not Approved	""	0.04619805182202258
TP53	PEMBROLIZUMAB	Approved	""	0.01399940964303714
TP53	DICHLOROPHEN	Not Approved	""	0.006416396086392026
TP53	LEVONORGESTREL	Approved	for treatment of menopausal symptoms,contraceptive	0.03299860844430185
TP53	CHEMBL:CHEMBL261693	Not Approved	""	0.02309902591101129
TP53	ZANUBRUTINIB	Approved	""	0.1154951295550564
TP53	IL-12	Not Approved	""	0.0256655843455681
TP53	SB 224289	Not Approved	""	0.00962459412958804
TP53	OXALIPLATIN	Approved	""	0.009118036543820249
TP53	CHEMBL:CHEMBL422942	Not Approved	""	0.03849837651835216
TP53	ECONAZOLE NITRATE	Approved	""	0.008249652111075463
TP53	CHEMBL:CHEMBL429335	Not Approved	""	0.02309902591101129
TP53	2-IODOACETAMIDE	Not Approved	""	0.008249652111075463
TP53	CHEMBL:CHEMBL267160	Not Approved	""	0.02887378238876412
TP53	CAULIBUGULONE C	Not Approved	""	0.03849837651835216
TP53	CHEMBL:CHEMBL271023	Not Approved	""	0.01924918825917608
TP53	INOSITOL	Approved	for treatment of Alzheimer's disease	0.01539935060734086
TP53	ALECTINIB	Approved	""	0.04619805182202258
TP53	MAGROLIMAB	Not Approved	""	0.05774756477752824
TP53	PAZOPANIB	Approved	antineoplastic agent	0.008104921372284666
TP53	MICHLER'S KETONE	Not Approved	""	0.01283279217278405
TP53	CHEMBL:CHEMBL260213	Not Approved	""	0.01924918825917608
TP53	THIOTEPA	Approved	""	0.02309902591101129
TP53	KU-60019	Not Approved	""	0.05774756477752824
TP53	CHEMBL:CHEMBL528712	Not Approved	""	0.03849837651835216
TP53	THIORIDAZINE	Approved	Antipsychotic Agents	0.003982590674312292
TP53	BENZALKONIUM CHLORIDE	Approved	""	0.05774756477752824
TP53	BAICALEIN	Not Approved	""	0.004619805182202259
TP53	DABRAFENIB	Approved	antineoplastic agent	0.01711038956371207
TP53	CAULIBUGULONE D	Not Approved	""	0.05774756477752824
TP53	CHEMBL:CHEMBL16685	Not Approved	""	0.05774756477752824
TP53	CHEMBL:CHEMBL261118	Not Approved	""	0.03849837651835216
TP53	KRESOXIM-METHYL	Not Approved	""	0.03849837651835216
TP53	MELPHALAN	Approved	""	0.005774756477752823
TP53	CHEMBL:CHEMBL259784	Not Approved	""	0.01924918825917608
TP53	(R)-INDOPROFEN	Not Approved	""	0.1154951295550564
TP53	PENTACHLOROPHENOL	Not Approved	""	0.008249652111075463
TP53	ATRACTYLENOLIDE I	Not Approved	""	0.2309902591101129
TP53	CONTUSUGENE LADENOVEC	Not Approved	""	0.2309902591101129
TP53	CYCLOPHOSPHAMIDE ANHYDROUS	Approved	""	0.005703463187904024
TP53	CHEMBL:CHEMBL1522984	Not Approved	""	0.02309902591101129
TP53	TAMOXIFEN CITRATE	Approved	""	0.006078691029213499
TP53	NORTRIPTYLINE	Approved	antidepressant,antiasthmatic agent	0.003609222798595515
TP53	NIGULDIPINE	Not Approved	""	0.01443689119438206
TP53	BENZO(K)FLUORANTHENE	Not Approved	""	0.01154951295550564
TP53	R547	Not Approved	""	0.03299860844430185
TP53	BENZO[B]FLUORANTHENE	Not Approved	""	0.01649930422215092
TP53	LORLATINIB	Approved	""	0.02665272220501303
TP53	RUXOLITINIB	Approved	antiinflammatory agent,antineoplastic agent	0.01443689119438206
TP53	STREPTONIGRIN	Not Approved	""	0.01154951295550564
TP53	RECOMBINANT VASCULAR ENDOTHELIAL GROWTH FACTOR	Not Approved	""	0.02474895633322639
TP53	CHEMBL:CHEMBL1346468	Not Approved	""	0.05774756477752824
TP53	RS-39604	Not Approved	""	0.03849837651835216
TP53	CHEMBL:CHEMBL530049	Not Approved	""	0.01283279217278405
TP53	ALEMTUZUMAB	Approved	antineoplastic agent	0.03849837651835216
TP53	SELINEXOR	Approved	""	0.04619805182202258
TP53	CHEMBL:CHEMBL600347	Not Approved	""	0.1154951295550564
TP53	CADMIUM DICHLORIDE	Not Approved	""	0.01049955723227786
TP53	PATULIN	Not Approved	""	0.0256655843455681
TP53	DINOSEB	Not Approved	""	0.02887378238876412
TP53	AURORA KINASE INHIBITOR AMG 900	Not Approved	""	0.05774756477752824
TP53	CHEMBL:CHEMBL578512	Not Approved	""	0.003982590674312292
TP53	MULTI-NEO-EPITOPE VACCINE OSE 2101	Not Approved	""	0.02887378238876412
TP53	CHEMBL:CHEMBL599088	Not Approved	""	0.05774756477752824
TP53	2,6-DIMETHOXYQUINONE	Not Approved	""	0.01649930422215092
TP53	CHEMBL:CHEMBL265686	Not Approved	""	0.02887378238876412
TP53	SAPANISERTIB	Approved	antineoplastic agent	0.01506458211587693
TP53	PROPYLTHIOURACIL	Approved	Antithyroid Agents	0.01154951295550564
TP53	CIS-RESVERATROL	Not Approved	""	0.01649930422215092
TP53	CHLORAMBUCIL	Approved	""	0.01154951295550564
TP53	CHEMBL:CHEMBL198759	Not Approved	""	0.04619805182202258
TP53	RG7112	Not Approved	""	0.2309902591101129
TP53	ADAVOSERTIB	Not Approved	antineoplastic agent	0.05362273872199051
TP53	TRIFLURIDINE	Approved	""	0.07699675303670432
TP53	PRODIGIOSIN	Not Approved	""	0.1154951295550564
TP53	MITOMYCIN	Approved	""	0.00962459412958804
TP53	CHLORFENAPYR	Not Approved	""	0.02887378238876412
TP53	(S)-FLUOXETINE	Not Approved	""	0.01283279217278405
TP53	CHIR-124	Not Approved	""	0.2309902591101129
TP53	RECOMBINANT MONOCYTE CHEMOATTRACTANT PROTEIN-1	Not Approved	""	0.02887378238876412
TP53	OBINUTUZUMAB	Approved	antineoplastic agent	0.07699675303670432
TP53	CHEMBL:CHEMBL1801219	Not Approved	""	0.2309902591101129
TP53	LOPERAMIDE	Approved	Antidiarrheals	0.00962459412958804
TP53	METHOTREXATE	Approved	DMARD	0.002099911446455572
TP53	MERCAPTOPURINE	Approved	Antineoplastic Agents	0.00256655843455681
TP53	POTASSIUM DICHROMATE	Not Approved	""	0.02309902591101129
TP53	ELLIPTECINE	Not Approved	""	0.003609222798595515
TP53	BUPARLISIB	Not Approved	""	0.009239610364404518
TP53	TRANSFERRIN RECEPTOR-TARGETED LIPOSOMAL P53 CDNA	Not Approved	""	0.1154951295550564
TP53	BENOMYL	Not Approved	""	0.1154951295550564
TP53	ZIRAM	Not Approved	""	0.008884240735004345
TP53	ZINC CHLORIDE	Approved	""	0.04619805182202258
TP53	CHEMBL:CHEMBL374632	Not Approved	""	0.01049955723227786
TP53	AZATHIOPRINE	Approved	""	0.003039345514606749
TP53	CAULIBUGULONE B	Not Approved	""	0.03849837651835216
TP53	CHEMBL:CHEMBL591126	Not Approved	""	0.01049955723227786
TP53	TRIAMTERENE	Approved	Antihypertensive Agents; Diuretics	0.006416396086392026
TP53	N6-BENZYLADENOSINE	Not Approved	""	0.1154951295550564
TP53	TEPRASIRAN	Not Approved	""	0.1154951295550564
TP53	NICLOSAMIDE	Approved	""	0.004277597390928017
TP53	LUXEPTINIB	Not Approved	""	0.02887378238876412
TP53	CHEMBL:CHEMBL405914	Not Approved	""	0.02309902591101129
TP53	CHEMBL:CHEMBL259615	Not Approved	""	0.01283279217278405
TP53	CLOFOCTOL	Not Approved	""	0.01924918825917608
TP53	FUROXAN	Not Approved	""	0.02309902591101129
TP53	SALMETEROL XINAFOATE	Approved	""	0.01649930422215092
TP53	CHEMBL:CHEMBL600334	Not Approved	""	0.03849837651835216
TP53	1,10-PHENANTHROLINE	Not Approved	""	0.005499768074050308
TP53	ENALAPRIL MALEATE	Approved	antihypertensive agent	0.01215738205842699
TP53	SIROLIMUS	Approved	for treatment of wet age-related macular degeneration,immunosuppressant	0.003982590674312292
TP53	P53 Y220C MUTANT REACTIVATOR PC14586	Not Approved	""	0.1154951295550564
TP53	(R,S)-INDATRALINE	Not Approved	""	0.01049955723227786
TP53	PIPERLONGUMINE	Not Approved	""	0.01283279217278405
TP53	ALPELISIB	Approved	""	0.006416396086392026
TP53	COTI-2	Not Approved	""	0.1154951295550564
TP53	CHEMBL:CHEMBL2002487	Not Approved	""	0.01049955723227786
TP53	IFOSFAMIDE	Approved	Antineoplastic Agents	0.01649930422215092
TP53	GANETESPIB	Not Approved	antineoplastic agent	0.02887378238876412
TP53	TEMOZOLOMIDE	Approved	""	0.01649930422215092
TP53	MITOXANTRONE	Approved	antineoplastic agent	0.002624889308069465
TP53	CHEMBL:CHEMBL601757	Not Approved	""	0.00481229706479402
TP53	M8891	Not Approved	""	0.05774756477752824
TP53	RHODOMYRTOXIN B	Not Approved	""	0.05774756477752824
TP53	VANOXERINE	Not Approved	""	0.005774756477752823
TP53	PYRACLOSTROBIN	Not Approved	""	0.02309902591101129
TP53	DIETHYLSTILBESTROL	Approved	Hormone Replacement Agents	0.006999704821518574
TP53	TRANILAST	Not Approved	""	0.01049955723227786
TP53	CHEMBL:CHEMBL444376	Not Approved	""	0.01924918825917608
TP53	OLVANIL	Not Approved	""	0.01924918825917608
TP53	CHEMBL:CHEMBL260560	Not Approved	""	0.01443689119438206
TP53	TERPYRIDINE	Not Approved	""	0.01443689119438206
TP53	CHEMBL:CHEMBL582715	Not Approved	""	0.05774756477752824
TP53	A77636	Not Approved	""	0.01924918825917608
TP53	DNA VACCINE	Not Approved	""	0.04619805182202258
TP53	PF-00477736	Not Approved	""	0.05774756477752824
TP53	SAR-405838	Not Approved	""	0.1154951295550564
TP53	CHEMBL:CHEMBL260028	Not Approved	""	0.02309902591101129
TP53	CHLORANIL	Not Approved	""	0.007699675303670432
TP53	PHENYLMERCURIC ACETATE	Not Approved	""	0.005774756477752823
TP53	CHEMBL:CHEMBL405317	Not Approved	""	0.02887378238876412
TP53	CHEMBL:CHEMBL260451	Not Approved	""	0.02309902591101129
TP53	MITOXANTRONE HYDROCHLORIDE	Approved	""	0.003609222798595515
TP53	NSC-663284	Not Approved	""	0.01649930422215092
TP53	BOMEDEMSTAT	Not Approved	""	0.05774756477752824
TP53	MANGOSTIN	Not Approved	""	0.01154951295550564
TP53	BEVACIZUMAB	Approved	antineoplastic agent	0.008662134716629235
TP53	PIRTOBRUTINIB	Approved	""	0.05774756477752824
TP53	NIVOLUMAB	Approved	antineoplastic agent	0.008884240735004345
TP53	CHEMBL:CHEMBL1397308	Not Approved	""	0.02309902591101129
TP53	CHEMBL:CHEMBL599100	Not Approved	""	0.02309902591101129
TP53	FLUPHENAZINE HYDROCHLORIDE	Approved	Antipsychotic Agents	0.005249778616138931
TP53	CHLORPROMAZINE	Approved	""	0.003121489987974499
TP53	CETUXIMAB	Approved	antineoplastic agent	0.003121489987974499
TP53	GARLIC	Not Approved	""	0.02309902591101129
TP53	ALPHA-NAPHTHOFLAVONE	Not Approved	""	0.01649930422215092
TP53	AHPN	Not Approved	""	0.01649930422215092
TP53	SAPONIN	Not Approved	""	0.04619805182202258
TP53	FAS LIGAND	Not Approved	""	0.01924918825917608
TP53	GEDATOLISIB	Not Approved	""	0.01283279217278405
TP53	AZD7648	Not Approved	""	0.04619805182202258
TP53	NAPABUCASIN	Not Approved	""	0.2309902591101129
TP53	NITAZOXANIDE	Approved	""	0.00962459412958804
TP53	CHEMBL:CHEMBL259805	Not Approved	""	0.02887378238876412
TP53	LY3009120	Not Approved	""	0.02309902591101129
TP53	INTERFERON ALFA-2B	Approved	for treatment of hepatitis C,Antineoplastic Agents; Immunomodulatory Agents,for treatment of hepatitis B and C,for treatment of hepatitis	0.01649930422215092
TP53	CLADRIBINE	Approved	""	0.007699675303670432
TP53	TRACAZOLATE	Not Approved	""	0.01443689119438206
TP53	CLOMIPRAMINE	Approved	Tricyclic,Antidepressive Agents	0.003039345514606749
TP53	ROBUSTIC ACID	Not Approved	""	0.03849837651835216
TP53	URSODIOL	Approved	for prevention of recurrence of colorectal polyps	0.01443689119438206
TP53	GLUTARAL	Approved	""	0.05774756477752824
TP53	CADMIUM ACETATE	Not Approved	""	0.01443689119438206
TP53	ROTENONE	Not Approved	""	0.01649930422215092
TP53	CHEMBL:CHEMBL429095	Not Approved	""	0.002309902591101129
TP53	CHEMBL:CHEMBL320361	Not Approved	""	0.03849837651835216
TP53	CHEMBL:CHEMBL259421	Not Approved	""	0.01924918825917608
TP53	P53/HDM2 INTERACTION INHIBITOR CGM097	Not Approved	""	0.1539935060734086
TP53	DEOXIEPINEPHRINE	Not Approved	""	0.01924918825917608
TP53	BROXYQUINOLINE	Not Approved	""	0.02309902591101129
TP53	CGP7930	Not Approved	""	0.01649930422215092
TP53	CHEMBL:CHEMBL533226	Not Approved	""	0.008884240735004345
TP53	ABEMACICLIB	Approved	""	0.006078691029213499
TP53	ONC201	Not Approved	""	0.05774756477752824
TP53	AZD1390	Not Approved	""	0.03849837651835216
TP53	CHEMBL:CHEMBL563919	Not Approved	""	0.02309902591101129
TP53	CHEMBL:CHEMBL1303948	Not Approved	""	0.01649930422215092
TP53	L-733,060	Not Approved	""	0.01443689119438206
TP53	SANGUINARINE SULFATE	Not Approved	""	0.008884240735004345
TP53	DS-7423	Not Approved	""	0.01539935060734086
TP53	TRABECTEDIN	Approved	""	0.04619805182202258
TP53	DUVELISIB	Approved	""	0.01649930422215092
TP53	MECHLORETHAMINE HYDROCHLORIDE	Approved	""	0.01924918825917608
TP53	ZM336372	Not Approved	""	0.01649930422215092
TP53	CHEMBL:CHEMBL580421	Not Approved	""	0.01049955723227786
TP53	FLUOROURACIL	Approved	""	0.007965181348624584
TP53	IXAZOMIB	Approved	""	0.005499768074050308
TP53	CAMPTOTHECIN	Approved	antineoplastic agent	0.00659972168886037
TP53	GDC-0425	Not Approved	""	0.1154951295550564
TP53	ACALABRUTINIB	Approved	""	0.01358766230059488
TP53	CHLOROXINE	Approved	""	0.01154951295550564
TP53	PROPACHLOR	Not Approved	""	0.01649930422215092
TP53	CHEMBL:CHEMBL579550	Not Approved	""	0.03849837651835216
TP53	EMBELIN	Not Approved	""	0.007699675303670432
TP53	CHEMBL:CHEMBL421215	Not Approved	""	0.01283279217278405
TP53	CHEMBL:CHEMBL261123	Not Approved	""	0.01924918825917608
TP53	2-AMINOANTHRACENE	Not Approved	""	0.02887378238876412
TP53	DOXORUBICIN LIPOSOME	Approved	""	0.03849837651835216
TP53	RIBAVIRIN	Approved	""	0.003039345514606749
TP53	CHEMBL:CHEMBL408850	Not Approved	""	0.01049955723227786
TP53	PD166285	Not Approved	""	0.03299860844430185
TP53	GSK2830371	Not Approved	""	0.1154951295550564
TP53	DIBENZ[A,H]ANTHRACENE	Not Approved	""	0.02309902591101129
TP53	CHELERYTHRINE	Not Approved	""	0.00962459412958804
TP53	FURAZOLIDONE	Approved	""	0.03849837651835216
TP53	CHEMBL:CHEMBL599943	Not Approved	""	0.02309902591101129
TP53	RS-17053	Not Approved	""	0.01283279217278405
TP53	CLOFIBRATE	Approved	Anticholesteremic Agents	0.01443689119438206
TP53	SR59230A	Not Approved	""	0.01924918825917608
TP53	CHEMBL:CHEMBL428789	Not Approved	""	0.007699675303670432
TP53	TEBUFENPYRAD	Not Approved	""	0.05774756477752824
TP53	SB 206553	Not Approved	""	0.008249652111075463
TP53	CHEMBL:CHEMBL1214407	Not Approved	""	0.02887378238876412
TP53	TOPOTECAN HYDROCHLORIDE	Approved	antineoplastic agent	0.00962459412958804
TP53	QUINALIZARIN	Not Approved	""	0.007699675303670432
TP53	BRIGIMADLIN	Not Approved	""	0.2309902591101129
TP53	ENCORAFENIB	Approved	""	0.01283279217278405
TP53	HYDRALAZINE	Approved	antihypertensive agent	0.005774756477752823
TP53	ALEXIDINE DIHYDROCHLORIDE	Not Approved	""	0.02887378238876412
TP53	CARBENDAZIM	Not Approved	""	0.03849837651835216
TP53	PLUMBAGIN	Not Approved	""	0.008884240735004345
TP53	THUNBERGINOL B	Not Approved	""	0.01154951295550564
TP53	CHEMBL:CHEMBL227959	Not Approved	""	0.02887378238876412
TP53	DAIDZEIN	Not Approved	""	0.006078691029213499
TP53	PROPARGITE	Not Approved	""	0.02887378238876412
TP53	LENALIDOMIDE	Approved	antineoplastic agent	0.008884240735004345
TP53	L-744,832	Not Approved	""	0.1154951295550564
TP53	BENZETHONIUM CHLORIDE	Approved	""	0.00721844559719103
TP53	CHEMBL:CHEMBL1494650	Not Approved	""	0.05774756477752824
TP53	BLZ945	Not Approved	""	0.1154951295550564
TP53	PIRARUBICIN	Not Approved	""	0.0256655843455681
TP53	S(+)-APOMORPHINE	Not Approved	""	0.01443689119438206
TP53	CHEMBL:CHEMBL473735	Not Approved	""	0.01924918825917608
TP53	U50488	Not Approved	""	0.02309902591101129
TP53	FENRETINIDE	Approved	antineoplastic agent	0.004277597390928017
TP53	MPA	Not Approved	""	0.02309902591101129
TP53	CHEMBL:CHEMBL411085	Not Approved	""	0.03849837651835216
TP53	ALVESPIMYCIN	Not Approved	antineoplastic agent	0.07699675303670432
TP53	PD-98059	Not Approved	""	0.003121489987974499
TP53	PANITUMUMAB	Approved	antineoplastic agent	0.01154951295550564
TP53	GEMCITABINE	Approved	antineoplastic agent	0.007532291057938466
TP53	AXITINIB	Approved	antineoplastic agent	0.01099953614810061
TP53	TIRAPAZAMINE	Not Approved	""	0.05774756477752824
TP53	PRAMLINTIDE	Approved	antiobesity agent,antidiabetic	0.01649930422215092
TP53	TRIFLUOPERAZINE	Approved	Antiemetics; Antipsychotic Agents	0.01154951295550564
TP53	CHEMBL:CHEMBL546170	Not Approved	""	0.01649930422215092
TP53	MUNDULONE	Not Approved	""	0.02887378238876412
TP53	ANISINDIONE	Approved	Anticoagulants	0.01924918825917608
TP53	CHEMBL:CHEMBL242171	Not Approved	""	0.01154951295550564
TP53	CAPECITABINE	Approved	""	0.00679383115029744
TP53	N-OLEOYLDOPAMINE	Not Approved	""	0.006416396086392026
TP53	CHEMBL:CHEMBL590665	Not Approved	""	0.03849837651835216
TP53	2-CHLOROADENOSINE	Not Approved	""	0.01049955723227786
TP53	CHEMBL:CHEMBL225513	Not Approved	""	0.01443689119438206
TP53	RESVERATROL	Approved	antineoplastic agent,antidiabetic,for treatment of herpes simplex virus 1	0.002357043460307275
TP53	CEP-1347	Not Approved	""	0.04619805182202258
TP53	TPCK	Not Approved	""	0.006416396086392026
TP53	WARFARIN	Approved	Anticoagulants	0.003499852410759287
TP53	SORAFENIB	Approved	antineoplastic agent	0.002008610948783591
TP53	3,4-DICHLOROBENZAMIL	Not Approved	""	0.02887378238876412
TP53	DOXORUBICIN HYDROCHLORIDE	Approved	antineoplastic agent	0.01092521495791074
TP53	LB-100	Not Approved	""	0.04619805182202258
TP53	SIREMADLIN	Not Approved	""	0.2309902591101129
TP53	ETOPOSIDE	Approved	Antineoplastic Agents	0.005973886011468438
TP53	CERALASERTIB	Not Approved	""	0.07699675303670432
TP53	CERITINIB	Approved	""	0.02038149345089231
TP53	(Z)-PIPLARTINE	Not Approved	""	0.05774756477752824
TP53	GR 127935	Not Approved	""	0.003982590674312292
TP53	ACEQUINOCYL	Not Approved	""	0.1154951295550564
TP53	PROCHLORPERAZINE	Approved	antiemetic,antimigraine agent	0.004124826055537731
TP53	SERDEMETAN	Not Approved	""	0.1154951295550564
TP53	ALT-801	Not Approved	""	0.1154951295550564
TP53	CHEMBL:CHEMBL1343568	Not Approved	""	0.01649930422215092
TP53	MAPROTILINE	Approved	Second-Generation,Antidepressive Agents	0.008884240735004345
TP53	AUTOLOGOUS DENDRITIC CELLS TRANSDUCED WITH WILD-TYPE P53 ADENOVIRUS VACCINE	Not Approved	""	0.1154951295550564
TP53	CHLOROTHALONIL	Not Approved	""	0.00962459412958804
TP53	MIRDAMETINIB	Not Approved	""	0.01539935060734086
TP53	SELECTIVE ESTROGEN RECEPTOR MODULATOR	Not Approved	""	0.0256655843455681
TP53	QUINACRINE DIHYDROCHLORIDE	Not Approved	""	0.00962459412958804
TP53	CHEMBL:CHEMBL602922	Not Approved	""	0.1154951295550564
TP53	AZD7762	Not Approved	""	0.04619805182202258
TP53	ANTIMYCIN A	Not Approved	""	0.03849837651835216
TP53	HALOPERIDOL DECANOATE	Approved	Antipsychotic Agents	0.003039345514606749
TP53	CARBOPLATIN	Approved	""	0.009400766359132503
TP53	BITHIONOL	Approved	""	0.00481229706479402
TP53	PHENETHYLISOTHIOCYANATE	Not Approved	""	0.02887378238876412
TP53	CHEMBL:CHEMBL233194	Not Approved	""	0.01924918825917608
TP53	DAUNORUBICIN HYDROCHLORIDE	Approved	""	0.003499852410759287
TP53	CHEMBL:CHEMBL545900	Not Approved	""	0.1154951295550564
TP53	GRANISETRON	Approved	antiemetic	0.01049955723227786
TP53	APG115	Not Approved	""	0.05774756477752824
TP53	CHEMBL:CHEMBL329673	Not Approved	""	0.01049955723227786
TP53	CHEMBL:CHEMBL408653	Not Approved	""	0.01924918825917608
TP53	4-METHOXYDALBERGIONE	Not Approved	""	0.01283279217278405
TP53	DIHYDROGAMBOGIC ACID	Not Approved	""	0.01049955723227786
TP53	METHYLPREDNISOLONE	Approved	Anti-Inflammatory Agents; Glucocorticoids	0.01924918825917608
NRAS	IRINOTECAN HYDROCHLORIDE	Approved	antineoplastic agent	0.02511005221687615
NRAS	CISPLATIN	Approved	""	0.005380725475044891
NRAS	DABRAFENIB	Approved	antineoplastic agent	0.1464753045984442
NRAS	CHELIDONINE	Not Approved	""	0.790966644831599
NRAS	VEMURAFENIB	Approved	antineoplastic agent	0.2030860304297349
NRAS	ERK1/2 INHIBITOR ERAS-007	Not Approved	""	0.2636555482771996
NRAS	P53-HDM2 INTERACTION INHIBITOR MI-773	Not Approved	""	0.2636555482771996
NRAS	BINIMETINIB	Approved	antineoplastic agent,DMARD,antiinflammatory agent	0.3757091562950095
NRAS	FORETINIB	Not Approved	antineoplastic agent	0.04162982341218942
NRAS	MIRDAMETINIB	Not Approved	""	0.1581933289663198
NRAS	ERK INHIBITOR CC-90003	Not Approved	""	0.1977416612078997
NRAS	TAK-632	Not Approved	""	0.1318277741385998
NRAS	GEDATOLISIB	Not Approved	""	0.04394259137953328
NRAS	DACTOLISIB	Not Approved	""	0.00823923588366249
NRAS	LENVATINIB	Approved	antineoplastic agent	0.04162982341218942
NRAS	INOSITOL	Approved	for treatment of Alzheimer's disease	0.05273110965543994
NRAS	CHLOROQUINE	Approved	""	0.04943541530197493
NRAS	RAVOXERTINIB	Not Approved	""	0.1318277741385998
NRAS	TUNLAMETINIB	Not Approved	""	0.5932249836236992
NRAS	GILTERITINIB	Approved	""	0.1318277741385998
NRAS	SCH772984	Not Approved	""	0.1318277741385998
NRAS	CETUXIMAB	Approved	antineoplastic agent	0.1817085535423943
NRAS	OMIPALISIB	Not Approved	""	0.05932249836236992
NRAS	GANITUMAB	Not Approved	antineoplastic agent	0.1977416612078997
NRAS	NST-628	Not Approved	""	0.1581933289663198
NRAS	REGORAFENIB	Approved	antineoplastic agent	0.03595302931052722
NRAS	TAPOTOCLAX	Not Approved	""	0.3954833224157995
NRAS	COPANLISIB	Approved	""	0.03595302931052722
NRAS	LUVOMETINIB	Not Approved	""	0.3954833224157995
NRAS	PLX8394	Not Approved	""	0.2636555482771996
NRAS	EG5 KINESIN-RELATED MOTOR PROTEIN INHIBITOR 4SC-205	Not Approved	antineoplastic agent	0.2636555482771996
NRAS	TOVORAFENIB	Approved	""	0.1318277741385998
NRAS	I-BET151	Not Approved	""	0.1129952349759427
NRAS	PF-4708671	Not Approved	""	0.1977416612078997
NRAS	PF-07799933	Not Approved	""	0.3954833224157995
NRAS	FF-10101	Not Approved	""	0.2636555482771996
NRAS	AKT INHIBITOR MK2206	Not Approved	""	0.05649761748797136
NRAS	MK-8353	Not Approved	""	0.1318277741385998
NRAS	AZ628	Not Approved	""	0.1977416612078997
NRAS	BAY 11-7082	Not Approved	""	0.06591388706929992
NRAS	ABEMACICLIB	Approved	""	0.06244473511828413
NRAS	PEMBROLIZUMAB	Approved	""	0.0479373724140363
NRAS	TRAMETINIB DIMETHYL SULFOXIDE	Approved	antineoplastic agent	0.3702397060913868
NRAS	BEROTERKIB ANHYDROUS	Not Approved	""	0.2636555482771996
NRAS	EXARAFENIB	Not Approved	""	0.1977416612078997
NRAS	DEL-22379	Not Approved	""	0.2636555482771996
NRAS	REFAMETINIB	Not Approved	antineoplastic agent	0.07190605862105445
NRAS	CCT196969	Not Approved	""	0.1977416612078997
NRAS	FUTUXIMAB/MODOTUXIMAB MIXTURE	Not Approved	antineoplastic agent	0.2636555482771996
NRAS	PAZOPANIB	Approved	antineoplastic agent	0.02081491170609471
NRAS	RECOMBINANT INTERFERON	Not Approved	""	0.02028119602132305
NRAS	CYTARABINE	Approved	antineoplastic agent	0.009887083060394987
NRAS	BUPARLISIB	Not Approved	""	0.03163866579326396
NRAS	TAK-733	Not Approved	""	0.1581933289663198
NRAS	SOTORASIB	Approved	""	0.3954833224157995
NRAS	ICOVAMENIB	Not Approved	""	0.3954833224157995
NRAS	AVUTOMETINIB	Not Approved	""	0.08788518275906655
NRAS	CERITINIB	Approved	""	0.04652744969597641
NRAS	RIBOCICLIB	Approved	antineoplastic agent	0.1098564784488331
NRAS	AZACITIDINE	Approved	antineoplastic agent	0.009887083060394987
NRAS	IODINE I 131-6-BETA-IODOMETHYL-19-NORCHOLESTEROL	Not Approved	""	0.3954833224157995
NRAS	BRIMARAFENIB	Not Approved	""	0.1977416612078997
NRAS	AZD5991	Not Approved	""	0.1977416612078997
NRAS	E6201	Not Approved	""	0.1129952349759427
NRAS	SIROLIMUS	Approved	for treatment of wet age-related macular degeneration,immunosuppressant	0.01363735594537239
NRAS	CARBOPLATIN	Approved	""	0.009197286567809292
NRAS	PLX-4720	Not Approved	""	0.1318277741385998
NRAS	FLUOROURACIL	Approved	""	0.01022801695902929
NRAS	LORLATINIB	Approved	""	0.06084358806396916
NRAS	MRTX-1133	Not Approved	""	0.3954833224157995
NRAS	BCL-2 INHIBITOR BCL201	Not Approved	""	0.3954833224157995
NRAS	BIVALENT BRD4 INHIBITOR AZD5153	Not Approved	""	0.3954833224157995
NRAS	CABOZANTINIB S-MALATE	Approved	antineoplastic agent	0.07190605862105445
NRAS	METFORMIN	Approved	antidiabetic	0.00964593469306828
NRAS	OPNURASIB	Not Approved	""	0.3954833224157995
NRAS	FUTIBATINIB	Approved	""	0.07190605862105445
NRAS	LY3009120	Not Approved	""	0.2372899934494796
NRAS	QUIZARTINIB	Approved	antineoplastic agent	0.06244473511828413
NRAS	INFIGRATINIB	Approved	""	0.02929506091968885
NRAS	TIVOZANIB	Approved	antineoplastic agent	0.08788518275906655
NRAS	VENETOCLAX	Approved	""	0.07190605862105445
NRAS	MEK INHIBITOR IMM-1-104	Not Approved	""	0.1977416612078997
NRAS	ENCORAFENIB	Approved	""	0.2636555482771996
NRAS	ALPELISIB	Approved	""	0.04394259137953327
NRAS	TALAZOPARIB	Approved	""	0.02824880874398568
NRAS	YM-254890	Not Approved	""	0.3954833224157995
NRAS	MITOGEN-ACTIVATED PROTEIN KINASE KINASE INHIBITOR	Not Approved	""	0.06591388706929992
NRAS	BI-847325	Not Approved	""	0.07190605862105445
NRAS	PALBOCICLIB	Approved	""	0.04652744969597641
NRAS	PELAREOREP	Not Approved	antineoplastic agent	0.1318277741385998
NRAS	OSIMERTINIB	Approved	""	0.05649761748797136
NRAS	LEUCOVORIN CALCIUM	Approved	adjuvant to chemotherapy	0.03295694353464996
NRAS	METHYLNITROSOUREA	Not Approved	""	0.08788518275906655
NRAS	RUCAPARIB	Approved	""	0.03295694353464996
NRAS	B-RAF/VEGFR-2 INHIBITOR RAF265	Not Approved	""	0.1318277741385998
NRAS	GDC-0879	Not Approved	""	0.1581933289663198
NRAS	NAPORAFENIB	Not Approved	""	0.1977416612078997
NRAS	GEMCITABINE	Approved	antineoplastic agent	0.00859746353077825
NRAS	KO-947	Not Approved	""	0.0790966644831599
NRAS	OLAPARIB	Approved	""	0.02579239059233475
NRAS	HSP90 INHIBITOR XL888	Not Approved	antineoplastic agent	0.1977416612078997
NRAS	PIMASERTIB	Not Approved	""	0.2471770765098747
NRAS	ADAVOSERTIB	Not Approved	antineoplastic agent	0.04237321311597852
NRAS	COBIMETINIB	Approved	antineoplastic agent	0.1040745585304735
NRAS	ANTI-CD19 CAR T CELLS PREPARATION	Not Approved	""	0.3954833224157995
NRAS	ALTEPLASE	Approved	Thrombolytic agent	0.03766507832531423
NRAS	CCT241161	Not Approved	""	0.1977416612078997
NRAS	TORIPALIMAB-TPZI	Approved	""	0.1977416612078997
NRAS	DUBERMATINIB	Not Approved	""	0.1318277741385998
NRAS	LYMPHOKINE-ACTIVATED KILLER CELLS	Not Approved	""	0.07190605862105445
NRAS	LIFIRAFENIB	Not Approved	""	0.5932249836236992
NRAS	GI-4000	Not Approved	vaccine,antineoplastic agent	0.5932249836236992
NRAS	TIZATERKIB	Not Approved	""	0.1977416612078997
NRAS	NAVITOCLAX	Not Approved	""	0.0741531229529624
NRAS	OBATOCLAX	Not Approved	antineoplastic agent	0.09887083060394987
NRAS	RIGOSERTIB	Not Approved	antineoplastic agent	0.09887083060394987
NRAS	NIVOLUMAB	Approved	antineoplastic agent	0.03042179403198458
NRAS	TUBASTATIN A	Not Approved	""	0.1318277741385998
NRAS	PANITUMUMAB	Approved	antineoplastic agent	0.2372899934494796
NRAS	TEMUTERKIB	Not Approved	""	0.2824880874398568
NRAS	BELVARAFENIB	Not Approved	""	0.3954833224157995
NRAS	ULIXERTINIB	Not Approved	""	0.1977416612078997
NRAS	GDC-0623	Not Approved	""	0.1977416612078997
NRAS	SELUMETINIB	Approved	""	0.1198434310350907
NRAS	EVEROLIMUS	Approved	immunosuppressant	0.04652744969597641
NRAS	SALIRASIB	Not Approved	""	0.07190605862105445
NRAS	BI-3406	Not Approved	""	0.2636555482771996
NRAS	MEK/RAF MOLECULAR GLUE IK-595	Not Approved	""	0.3954833224157995
NRAS	RINETERKIB	Not Approved	""	0.1318277741385998
NRAS	SORAFENIB	Approved	antineoplastic agent	0.0171949270615565
NRAS	IPILIMUMAB	Approved	antineoplastic agent	0.02636555482771997
NRAS	TUCATINIB	Approved	antineoplastic agent	0.04943541530197493
TYR	KOJIC ACID	Approved	""	7.11869980348439
TYR	IMMUNOTHERAPY REGIMEN MKC-1106-MT	Not Approved	""	2.372899934494797
TYR	MELANOMA VACCINE	Not Approved	""	1.186449967247398
TYR	MONOBENZONE	Approved	""	3.163866579326396
TYR	ARBUTIN	Approved	""	4.745799868989594
TYR	LUTEOLIN	Not Approved	""	0.1483062459059248
TYR	N-PHENYLTHIOUREA	Not Approved	""	4.745799868989594
TYR	MEQUINOL	Approved	""	4.745799868989594
TYR	CHRYSIN	Approved	""	0.3389857049278281
TYR	HYDROQUINONE	Approved	""	0.2791646981758585
TYR	ALPHA-THUJAPLICIN	Not Approved	""	9.491599737979188
PMEL	GP100:209-217(210M) PEPTIDE VACCINE	Not Approved	""	8.700633093147589
PMEL	TEBENTAFUSP	Approved	""	6.525474819860691
PMEL	IMC-GP100	Not Approved	""	2.175158273286897
PMEL	MELANOMA VACCINE	Not Approved	""	2.175158273286897
PMEL	RECOMBINANT INTERFERON	Not Approved	""	0.446186312469107
PMEL	HEXAMETHYLENE BISACETAMIDE	Not Approved	""	2.48589516947074
MC1R	BREMELANOTIDE	Approved	for treatment of sexual dysfunction	1.065383644058888
MC1R	AFAMELANOTIDE	Approved	dermatological agent	4.474611305047331
MC1R	DERSIMELAGON	Not Approved	""	7.457685508412219
MC1R	AFAMELANOTIDE ACETATE	Approved	""	7.457685508412219
MC1R	MODIMELANOTIDE	Not Approved	""	3.728842754206109
MC1R	ISOFLURANE	Approved	Inhalation,Anesthetics	0.4811410005427237
MC1R	DESIPRAMINE	Approved	Tricyclic,Antidepressive Agents	0.3824454106878061
IL2	DACLIZUMAB	Approved	immunosuppressant	0.2039210881206466
IL2	HUMAN CHORIONIC GONADOTROPIN	Approved	""	0.08586151078764068
IL2	AMIKACIN	Approved	""	0.2330526721378818
IL2	ACETAMINOPHEN	Approved	analgesic	0.0313724750954841
IL2	BECLOMETHASONE	Approved	glucocorticoid,antiinflammatory agent	0.135947392080431
IL2	PROTEASOME INHIBITOR	Not Approved	""	0.08156843524825864
IL2	QUININE	Approved	""	0.1882348505729045
IL2	PROCHLORPERAZINE	Approved	antiemetic,antimigraine agent	0.05826316803447046
IL2	TROPISETRON	Approved	""	0.1087579136643448
IL2	OFLOXACIN	Approved	""	0.135947392080431
IL2	BCG VACCINE	Approved	""	0.5437895683217243
IL2	LORUKAFUSP ALFA	Not Approved	""	0.8156843524825864
IL2	TICARCILLIN	Not Approved	""	0.8156843524825864
IL2	PRASTERONE	Approved	hormone supplement for increasing bone mineral density in patients with systemic lupus erythematosus	0.09063159472028738
IL2	PHYTOCHEMICAL	Not Approved	""	0.5437895683217243
IL2	HUMAN INTERLEUKIN-2	Not Approved	""	0.8156843524825864
IL2	AZIRIDINE	Not Approved	""	1.631368704965172
IL2	MESMULOGENE ANCOVACIVEC	Not Approved	""	0.4078421762412932
IL2	CYCLOOXYGENASE INHIBITOR	Not Approved	""	0.4078421762412932
IL2	GENTAMICIN	Approved	""	0.07092907412892056
IL2	CELL DIFFERENTIATING AGENT	Not Approved	""	1.631368704965172
IL2	MACROLIDE ANTIBIOTIC	Not Approved	""	0.4078421762412932
IL2	LEUVECTIN	Not Approved	""	0.8156843524825864
IL2	DIETHYLSTILBESTROL DIPHOSPHATE	Approved	""	0.5437895683217243
IL2	PERFOSFAMIDE	Not Approved	""	0.2718947841608621
IL2	METHOTREXATE	Approved	DMARD	0.01483062459059248
IL2	TRICHOSTATIN A	Not Approved	""	0.08156843524825864
IL2	CLOZAPINE	Approved	Antipsychotic Agents	0.0168182340718059
IL2	GARLIC EXTRACT	Not Approved	""	1.631368704965172
IL2	MESMULOGENE ANCOVACIVEC	Not Approved	""	0.4078421762412932
IL2	METYROSINE	Approved	Catecholamine synthesis inhibitors	0.1254899003819364
IL2	MISTLETOE EXTRACT	Not Approved	""	0.8156843524825864
IL2	PEFLOXACIN	Approved	""	0.4078421762412932
IL2	CYCLOSPORINE	Approved	immunosuppressant,opthalmological agent	0.02812704663733056
IL2	GARLIC	Not Approved	""	0.1631368704965173
IL2	ANHYDROUS TACROLIMUS	Approved	immunosuppressant	0.05826316803447046
IL2	RECOMBINANT TRANSFORMING GROWTH FACTOR-BETA	Not Approved	""	1.631368704965172
IL2	IMIPENEM ANHYDROUS	Approved	""	1.631368704965172
IL2	ITRACONAZOLE	Approved	""	0.1812631894405747
IL2	RECOMBINANT SOLUBLE HUMAN CD4 PROTEIN	Not Approved	""	1.631368704965172
IL2	MIDOSTAURIN	Approved	antineoplastic agent	0.04661053442757637
IL2	IL-2/9/15 GAMMA CHAIN RECEPTOR INHIBITOR BNZ-1	Not Approved	""	0.2039210881206466
IL2	CARBOXYAMIDOTRIAZOLE OROTATE	Not Approved	""	0.4078421762412932
IL2	PROTEIN KINASE C INHIBITOR	Not Approved	""	0.1812631894405747
IL2	BROMOCRIPTINE	Approved	antidiabetic	0.05262479693436041
IL2	CALCITRIOL	Approved	antineoplastic agent,antipsoriatic agent	0.135947392080431
IL2	GLYBURIDE	Approved	Hypoglycemic Agents,antidiabetic	0.05625409327466112
IL2	EDRECOLOMAB	Not Approved	""	0.5437895683217243
IL2	INTERFERON BETA-1B	Approved	for treatment of multiple sclerosis	0.1631368704965173
IL2	LYMPHOKINE-ACTIVATED KILLER CELLS	Not Approved	""	0.1483062459059248
IL2	TILARGININE	Not Approved	for treatment of cardiogenic shock	0.2330526721378818
IL2	THYMOCTONAN	Not Approved	""	0.8156843524825864
IL2	ALDESLEUKIN	Approved	antineoplastic agent	0.02718947841608621
IL2	CEFEPIME	Approved	""	1.631368704965172
IL2	SIGNAL TRANSDUCTION INHIBITOR	Not Approved	""	0.4078421762412932
IL2	ROXITHROMYCIN	Not Approved	""	0.1812631894405747
IL2	PENTAMIDINE ISETHIONATE	Approved	""	0.2330526721378818
IL2	METOCLOPRAMIDE HYDROCHLORIDE	Approved	antimigraine agent,antiemetic,for treatment of gastroesophageal reflux disease,motilitant,for treatment of diabetic gastroparesis	0.1165263360689409
IL2	HALOFUGINONE	Not Approved	antineoplastic agent	0.2718947841608621
IL2	DIDEMNIN B	Not Approved	""	1.631368704965172
IL2	PRAVASTATIN SODIUM	Approved	anticholesterolaemic agent,antihypecholesterolemic agent	0.06042106314685825
IL2	PYRIMETHAMINE	Approved	""	0.1483062459059248
IL2	MARIJUANA	Not Approved	""	0.4078421762412932
IL2	RITUXIMAB	Approved	antineoplastic agent	0.09063159472028738
NFKB1	TYRPHOSTIN 47	Not Approved	""	0.03398684802010777
NFKB1	CHLORPROPAMIDE	Approved	Hypoglycemic Agents	0.04943541530197493
NFKB1	QUERCETIN	Approved	""	0.01376682451447403
NFKB1	DEHYDROXYMETHYLEPOXYQUINOMICIN	Not Approved	""	0.5437895683217243
NFKB1	CHLORAMBUCIL	Approved	""	0.05437895683217243
NFKB1	ANDROGRAPHOLIDE	Not Approved	for treatment of Chron's disease,for treatment of ulcerative colitis,antiinflammatory agent	0.2718947841608621
NFKB1	CHEMBL:CHEMBL260560	Not Approved	""	0.06797369604021554
NFKB1	THALIDOMIDE	Approved	antineoplastic agent	0.0293940307200932
NFKB1	LAPACHONE	Not Approved	""	0.02091498339698939
NFKB1	AG 9	Not Approved	""	0.07768422404596062
NFKB1	TYRPHOSTIN 23	Not Approved	""	0.02589474134865353
NFKB1	GW5074	Not Approved	""	0.02471770765098746
NFKB1	DIHYDREXIDINE	Not Approved	""	0.07768422404596062
NFKB1	KAEMPFERIDE	Not Approved	""	0.3625263788811495
NFKB1	(R)-NITRENDIPINE	Not Approved	""	0.135947392080431
NFKB1	ISORHAMNETIN	Not Approved	""	0.3625263788811495
NFKB1	FLUPENTHIXOL	Not Approved	Antipsychotic Agents	0.07250527577622991
NFKB1	KAEMPHEROL	Not Approved	""	0.06042106314685825
NFKB1	CHEMBL:CHEMBL578741	Not Approved	""	0.02589474134865353
NFKB1	CHEMBL:CHEMBL201325	Not Approved	""	0.05437895683217243
NFKB1	CHEMBL:CHEMBL406557	Not Approved	""	0.06797369604021554
NFKB1	PROTRIPTYLINE	Approved	Tricyclic,Antidepressive Agents	0.06042106314685825
NFKB1	INDOPROFEN	Approved	""	0.04531579736014369
NFKB1	CHEMBL:CHEMBL63329	Not Approved	""	0.2718947841608621
NFKB1	CHEMBL:CHEMBL502774	Not Approved	""	0.06797369604021554
NFKB1	BORTEZOMIB	Approved	antineoplastic agent	0.006397524333196756
NFKB1	GOSSYPETIN	Not Approved	""	0.1087579136643448
NFKB1	ARTESUNATE	Approved	""	0.1812631894405747
NFKB1	EPIGALLOCATECHIN-3-GALLATE	Not Approved	""	0.03021053157342912
NFKB1	TAMARIXETIN	Not Approved	""	0.3625263788811495
NFKB1	CHEMBL:CHEMBL2094789	Not Approved	""	0.04943541530197493
NFKB1	CHEMBL:CHEMBL428789	Not Approved	""	0.03625263788811495
NFKB1	CHEMBL:CHEMBL528694	Not Approved	""	0.03884211202298031
NFKB1	BACLOFEN	Approved	for treatment of alcohol dependance	0.05437895683217243
NFKB1	FURAFYLLINE	Not Approved	""	0.135947392080431
NFKB1	HYDROCORTISONE BUTYRATE	Approved	""	0.01294737067432676
NFKB1	DAPH	Not Approved	""	0.05437895683217243
NFKB1	CHEMBL:CHEMBL51697	Not Approved	""	0.2718947841608621
NFKB1	TRYPTAMINE	Not Approved	""	0.04531579736014369
NFKB1	(+)-EPITAXIFOLIN	Not Approved	""	0.135947392080431
NFKB1	ETANERCEPT	Approved	DMARD,antiinflammatory agent	0.04182996679397879
NFKB1	BENZO(K)FLUORANTHENE	Not Approved	""	0.05437895683217243
NFKB1	FRENTIZOLE	Not Approved	""	0.07768422404596062
NFKB1	MITOXANTRONE	Approved	antineoplastic agent	0.01235885382549373
NFKB1	OCHRATOXIN A	Not Approved	""	0.06042106314685825
NFKB1	AG1478	Not Approved	""	0.07768422404596062
NFKB1	MASOPROCOL	Approved	prostate cancer,antineoplastic agent	0.01156999081535583
NFKB1	LUTEOLIN	Not Approved	""	0.03398684802010777
NFKB1	PHENAMIL METHANESULFONATE	Not Approved	""	0.09063159472028738
NFKB1	RITANSERIN	Not Approved	""	0.02471770765098746
NFKB1	4',7-DIMETHOXY-5-HYDROXYGENISTEIN	Not Approved	""	0.06042106314685825
NFKB1	PECTOLINARIGENIN	Not Approved	""	0.09063159472028738
NFKB1	BARDOXOLONE	Not Approved	antineoplastic agent	0.1812631894405747
NFKB1	CHEMBL:CHEMBL408850	Not Approved	""	0.04943541530197493
NFKB1	ANDROGRAPHOLIDE	Not Approved	""	0.3625263788811495
NFKB1	CHEMBL:CHEMBL602718	Not Approved	""	0.04943541530197493
NFKB1	RESVERATROL	Approved	antineoplastic agent,antidiabetic,for treatment of herpes simplex virus 1	0.01109774629228008
NFKB1	PROMETHAZINE HYDROCHLORIDE	Approved	Hypnotics and Sedatives; Anti-anxiety agents; Anti-allergic Agents	0.02471770765098746
NFKB1	DYRENE	Not Approved	""	0.5437895683217243
NFKB1	PARTHENOLIDE	Not Approved	""	0.2718947841608621
NFKB1	6-CL-MLT	Not Approved	""	0.07768422404596062
NFKB1	DIOSMETIN	Not Approved	""	0.3625263788811495
NFKB1	CHEMBL:CHEMBL466465	Not Approved	""	0.135947392080431
NFKB1	SB 222200	Not Approved	""	0.07768422404596062
NFKB1	OMTRIPTOLIDE	Not Approved	antineoplastic agent	0.2718947841608621
NFKB1	SANGUINARIUM	Not Approved	""	0.02175158273286897
NFKB1	FENRETINIDE	Approved	antineoplastic agent	0.02014035438228608
NFKB1	BENZETHONIUM CHLORIDE	Approved	""	0.03398684802010777
NFKB1	CHELIDAMIC ACID	Not Approved	""	0.2718947841608621
NFKB1	CHEMBL:CHEMBL85826	Not Approved	""	0.06042106314685825
NFKB1	(S)-MEXILETINE	Not Approved	""	0.2718947841608621
NFKB1	LY-294002	Not Approved	""	0.03398684802010777
NFKB1	HYDROQUINONE	Approved	""	0.03198762166598378
NFKB1	(R,S)-INDATRALINE	Not Approved	""	0.04943541530197493
NFKB1	GW7647	Not Approved	""	0.01812631894405747
NFKB1	(3Z)-N,N-DIMETHYL-2-OXO-3-(4,5,6,7-TETRAHYDRO-1H-INDOL-2-YLMETHYLIDENE)-2,3-DIHYDRO-1H-INDOLE-5-SULFONAMIDE	Not Approved	""	0.02265789868007184
NFKB1	6,4'-DIMETHOXYFLAVONE	Not Approved	""	0.06042106314685825
NFKB1	EDASALONEXENT	Not Approved	""	0.1812631894405747
NFKB1	SULFAPHENAZOLE	Approved	""	0.06797369604021554
NFKB1	RUTIN	Approved	""	0.1087579136643448
NFKB1	CHRYSOERIOL	Not Approved	""	0.3625263788811495
NFKB1	QUERCETAGETIN	Not Approved	""	0.3625263788811495
NFKB1	CHEMBL:CHEMBL1405979	Not Approved	""	0.135947392080431
NFKB1	APIGENIN	Approved	""	0.04182996679397879
NFKB1	CHEMBL:CHEMBL84010	Not Approved	""	0.03625263788811495
NFKB1	DISULFIRAM	Approved	Alcohol Deterrents	0.01264626903073777
NFKB1	TRIAMCINOLONE	Approved	for treatment of diabetic macular edema	0.02364302470964019
NFKB1	TBBT	Not Approved	""	0.06797369604021554
NFKB1	CHEMBL:CHEMBL595227	Not Approved	""	0.05437895683217243
NFKB1	CHELERYTHRINE	Not Approved	""	0.04531579736014369
NFKB1	NF-KAPPAB DECOY	Not Approved	antiinflammatory agent	0.2718947841608621
NFKB1	SORBINIL	Not Approved	""	0.2175158273286897
NFKB1	NIFEDIPINE	Approved	Antianginal Agents; Vasodilator Agents	0.009710528005745078
NFKB1	THYMOSIN BETA-4	Not Approved	for restoring cardiac tissue following infarction,wound healing accelerant	0.135947392080431
NFKB1	ACACETIN	Not Approved	""	0.07250527577622991
NFKB1	AROTINOID ACID	Not Approved	""	0.03198762166598378
PDCD1	PEMBROLIZUMAB	Approved	""	0.1186449967247398
PDCD1	PUCOTENLIMAB	Not Approved	""	1.305094963972138
PDCD1	TISLELIZUMAB	Approved	""	2.610189927944276
PDCD1	EZABENLIMAB	Not Approved	""	1.305094963972138
PDCD1	ANTI-PD-1 MONOCLONAL ANTIBODY SYM021	Not Approved	""	1.305094963972138
PDCD1	AMP-224	Not Approved	""	2.610189927944276
PDCD1	SPARTALIZUMAB	Not Approved	""	0.8700633093147588
PDCD1	DOSTARLIMAB	Approved	""	0.8700633093147588
PDCD1	CEMIPLIMAB	Approved	""	0.372884275420611
PDCD1	CT-011	Not Approved	antineoplastic agent	2.610189927944276
PDCD1	LOMVASTOMIG	Not Approved	""	0.6525474819860692
PDCD1	PIDILIZUMAB	Not Approved	""	1.305094963972138
PDCD1	CADONILIMAB	Not Approved	""	0.6525474819860692
PDCD1	CAMRELIZUMAB	Not Approved	""	1.305094963972138
PDCD1	PENPULIMAB	Not Approved	""	1.305094963972138
PDCD1	MEDI0680	Not Approved	""	1.305094963972138
PDCD1	FINOTONLIMAB	Not Approved	""	1.305094963972138
PDCD1	CETRELIMAB	Not Approved	""	0.8700633093147588
PDCD1	SERPLULIMAB	Not Approved	""	1.305094963972138
PDCD1	BUDIGALIMAB	Not Approved	""	1.305094963972138
PDCD1	LIPUSTOBART	Not Approved	""	1.305094963972138
PDCD1	CAMRELIZUMAB	Not Approved	""	1.305094963972138
PDCD1	DURVALUMAB	Approved	""	0.1305094963972138
PDCD1	BALSTILIMAB	Not Approved	""	2.610189927944276
PDCD1	RETIFANLIMAB	Approved	""	1.305094963972138
PDCD1	TEBOTELIMAB	Not Approved	""	1.305094963972138
PDCD1	BINTRAFUSP ALFA	Not Approved	""	0.2610189927944276
PDCD1	APL-501	Not Approved	""	1.305094963972138
PDCD1	VUDALIMAB	Not Approved	""	1.305094963972138
PDCD1	AUNP-12	Not Approved	""	1.305094963972138
PDCD1	CS-1003	Not Approved	""	1.305094963972138
PDCD1	ZIMBERELIMAB	Not Approved	""	1.305094963972138
PDCD1	PIMIVALIMAB	Not Approved	""	1.305094963972138
PDCD1	SINTILIMAB	Not Approved	""	0.8700633093147588
PDCD1	CC-90006	Not Approved	""	1.305094963972138
PDCD1	RETIFANLIMAB	Not Approved	""	1.305094963972138
PDCD1	GEPTANOLIMAB	Not Approved	""	1.305094963972138
PDCD1	TORIPALIMAB	Approved	""	1.305094963972138
PDCD1	NIVOLUMAB	Approved	antineoplastic agent	0.3011757609166473
PDCD1	SASANLIMAB	Not Approved	""	2.610189927944276
POMC	INTERMEDINE	Not Approved	""	52.20379855888553
POMC	SETMELANOTIDE	Approved	""	6.525474819860691
BRAF	TGX-221	Not Approved	""	0.1305094963972138
BRAF	SORAFENIB	Approved	antineoplastic agent	0.08851948451289288
BRAF	BINIMETINIB	Approved	antineoplastic agent,DMARD,antiinflammatory agent	0.5872927337874623
BRAF	HSP90 INHIBITOR XL888	Not Approved	antineoplastic agent	0.1957642445958207
BRAF	UPROSERTIB	Not Approved	""	0.05220379855888553
BRAF	TOVORAFENIB	Approved	""	0.3915284891916415
BRAF	EXARAFENIB	Not Approved	""	0.1305094963972138
BRAF	PLX-4720	Not Approved	""	0.5800422062098393
BRAF	DABRAFENIB	Approved	antineoplastic agent	2.474846746495314
BRAF	KO-947	Not Approved	""	0.05220379855888553
BRAF	VEMURAFENIB	Approved	antineoplastic agent	1.587277658885033
BRAF	DASATINIB ANHYDROUS	Approved	antineoplastic agent	0.07899258992462942
BRAF	OXALIPLATIN	Approved	""	0.04121352517806753
BRAF	BEVACIZUMAB	Approved	antineoplastic agent	0.03262737409930346
BRAF	FUTIBATINIB	Approved	""	0.04745799868989594
BRAF	LGX-806	Not Approved	""	0.1305094963972138
BRAF	TRAMETINIB DIMETHYL SULFOXIDE	Approved	antineoplastic agent	1.488363618487375
BRAF	RABEPRAZOLE	Approved	Proton pump inhibitor	0.02007838406110982
BRAF	(10R)-10-METHYL-3-(6-METHYLPYRIDIN-3-YL)-9,10,11,12-TETRAHYDRO-8H-[1,4]DIAZEPINO[5',6':4,5]THIENO[3,2-F]QUINOLIN-8-ONE	Not Approved	""	0.1740126618629517
BRAF	RAVOXERTINIB	Not Approved	""	0.2175158273286897
BRAF	MAP855	Not Approved	""	0.2610189927944277
BRAF	TAZEMETOSTAT	Approved	""	0.06525474819860692
BRAF	GDC-0879	Not Approved	""	0.2610189927944277
BRAF	CHLOROQUINE	Approved	""	0.03262737409930346
BRAF	ATEZOLIZUMAB	Approved	""	0.08700633093147589
BRAF	AZ628	Not Approved	""	0.3915284891916415
BRAF	PICTILISIB BISMESYLATE	Not Approved	""	0.2610189927944277
BRAF	BI-847325	Not Approved	""	0.04745799868989594
BRAF	VINBLASTINE	Approved	Antineoplastic Agents	0.01535405839967221
BRAF	BRAF(V600E) KINASE INHIBITOR RO5212054	Not Approved	""	0.5220379855888554
BRAF	MIRDAMETINIB	Not Approved	""	0.1740126618629517
BRAF	COBIMETINIB	Approved	antineoplastic agent	0.4533487769587427
BRAF	AGERAFENIB	Not Approved	""	0.104407597117771
BRAF	CFT1946	Not Approved	""	0.2610189927944277
BRAF	PI3K/BET INHIBITOR LY294002	Not Approved	""	0.08700633093147589
BRAF	AGERAFENIB	Not Approved	""	0.1740126618629517
BRAF	ENTINOSTAT	Not Approved	antineoplastic agent	0.02485895169470739
BRAF	U0126	Not Approved	""	0.1305094963972138
BRAF	PONATINIB	Approved	antineoplastic agent	0.03011757609166473
BRAF	CETUXIMAB	Approved	antineoplastic agent	0.9029846237212633
BRAF	GANETESPIB	Not Approved	antineoplastic agent	0.06525474819860692
BRAF	NVP-TAE 226	Not Approved	""	0.07457685508412219
BRAF	PAN-RAF INHIBITOR LY3009120	Not Approved	""	0.2610189927944277
BRAF	VORINOSTAT	Approved	antineoplastic agent	0.01398316032827291
BRAF	BI-3406	Not Approved	""	0.1740126618629517
BRAF	BRAF INHIBITOR	Not Approved	""	0.2610189927944277
BRAF	MEK INHIBITOR RO4987655	Not Approved	""	0.104407597117771
BRAF	REGORAFENIB	Approved	antineoplastic agent	0.0711869980348439
BRAF	TEMSIROLIMUS	Approved	antineoplastic agent	0.05220379855888554
BRAF	NIVOLUMAB	Approved	antineoplastic agent	0.1003919203055491
BRAF	LENVATINIB	Approved	antineoplastic agent	0.04121352517806753
BRAF	P53-HDM2 INTERACTION INHIBITOR MI-773	Not Approved	""	0.1740126618629517
BRAF	SB590885	Not Approved	""	0.2610189927944277
BRAF	PERTUZUMAB	Approved	antineoplastic agent	0.03262737409930346
BRAF	CCT241161	Not Approved	""	0.1740126618629517
BRAF	BELVARAFENIB	Not Approved	""	0.3915284891916415
BRAF	AZD3514	Not Approved	""	0.2610189927944277
BRAF	AKT INHIBITOR MK2206	Not Approved	""	0.07457685508412219
BRAF	DOXORUBICIN LIPOSOME	Approved	""	0.1740126618629517
BRAF	RINETERKIB	Not Approved	""	0.1740126618629517
BRAF	MOCETINOSTAT	Not Approved	antineoplastic agent	0.03262737409930346
BRAF	IDELALISIB	Approved	antineoplastic agent	0.05800422062098392
BRAF	PIMASERTIB	Not Approved	""	0.1305094963972138
BRAF	ZM336372	Not Approved	""	0.07457685508412219
BRAF	ALPELISIB	Approved	""	0.06525474819860692
BRAF	LEUCOVORIN CALCIUM	Approved	adjuvant to chemotherapy	0.03625263788811495
BRAF	SCH772984	Not Approved	""	0.3480253237259035
BRAF	DENOSUMAB	Approved	antiosteoporotic agent	0.1740126618629517
BRAF	CRIZOTINIB	Approved	antineoplastic agent	0.0104407597117771
BRAF	GEDATOLISIB	Not Approved	""	0.03866948041398928
BRAF	BRAFV600/PI3K INHIBITOR ASN003	Not Approved	""	0.1740126618629517
BRAF	OMIPALISIB	Not Approved	""	0.02610189927944276
BRAF	ALECTINIB	Approved	""	0.07830569783832829
BRAF	BUPARLISIB	Not Approved	""	0.03132227913533132
BRAF	ULIXERTINIB	Not Approved	""	0.3132227913533131
BRAF	PEMBROLIZUMAB	Approved	""	0.06327733158652792
BRAF	BEROTERKIB ANHYDROUS	Not Approved	""	0.1740126618629517
BRAF	MEK INHIBITOR IMM-6-415	Not Approved	""	0.2610189927944277
BRAF	XL-281	Not Approved	""	0.1305094963972138
BRAF	COMMENSAL BACTERIAL STRAIN FORMULATION VE800	Not Approved	""	0.2610189927944277
BRAF	NAB-PACLITAXEL	Not Approved	""	0.2610189927944277
BRAF	AFATINIB	Approved	antineoplastic agent	0.05800422062098392
BRAF	E6201	Not Approved	""	0.1491537101682443
BRAF	NAVTEMADLIN	Not Approved	""	0.1305094963972138
BRAF	NVP-AEW541	Not Approved	""	0.1305094963972138
BRAF	TEMUTERKIB	Not Approved	""	0.1491537101682443
BRAF	AZD6482	Not Approved	""	0.05800422062098392
BRAF	XL281	Not Approved	antineoplastic agent	0.1740126618629517
BRAF	RIFAMPIN	Approved	""	0.01864421377103054
BRAF	TIZATERKIB	Not Approved	""	0.1305094963972138
BRAF	MK-8353	Not Approved	""	0.08700633093147589
BRAF	TALAZOPARIB	Approved	""	0.01864421377103054
BRAF	GSK2636771	Not Approved	""	0.04894106114895519
BRAF	RUXOLITINIB	Approved	antiinflammatory agent,antineoplastic agent	0.03262737409930346
BRAF	MIRDAMETINIB	Not Approved	""	0.06525474819860692
BRAF	PLX8394	Not Approved	""	0.783056978383283
BRAF	OLAPARIB	Approved	""	0.01134865186062729
BRAF	ARQ-736	Not Approved	""	0.2610189927944277
BRAF	NAVITOCLAX	Not Approved	""	0.09788212229791038
BRAF	GEFITINIB	Approved	antineoplastic agent	0.02337483517562039
BRAF	PAN-RAF INHIBITOR XP-102	Not Approved	""	0.5220379855888554
BRAF	VALPROIC ACID	Approved	Anticonvulsants,for treatment of basal cell carcinoma,anticonvulsant	0.009158561150681673
BRAF	ABEMACICLIB	Approved	""	0.02747568345204501
BRAF	PYRVINIUM	Not Approved	""	0.2610189927944277
BRAF	LY-3009120	Not Approved	""	0.08700633093147589
BRAF	GSK2334470	Not Approved	""	0.08700633093147589
BRAF	RAF-265	Not Approved	""	0.1305094963972138
BRAF	ENZALUTAMIDE	Approved	antineoplastic agent	0.03262737409930346
BRAF	ERK1/2 INHIBITOR JSI-1187	Not Approved	""	0.2610189927944277
BRAF	AVUTOMETINIB	Not Approved	""	0.1450105515524598
BRAF	SARACATINIB	Not Approved	""	0.06023515218332947
BRAF	DOXORUBICIN HYDROCHLORIDE	Approved	antineoplastic agent	0.003527283686411185
BRAF	TINLORAFENIB	Not Approved	""	0.08700633093147589
BRAF	DNA-DEPENDENT PROTEIN KINASE-TARGETING SIDNA DT01	Not Approved	""	0.5220379855888554
BRAF	NERATINIB	Approved	antineoplastic agent	0.06960506474518072
BRAF	P53/HDM2 INTERACTION INHIBITOR CGM097	Not Approved	""	0.1740126618629517
BRAF	IAG933	Not Approved	""	0.104407597117771
BRAF	VTX-11E	Not Approved	""	0.2088151942355421
BRAF	LORLATINIB	Approved	""	0.04015676812221965
BRAF	TUBASTATIN A	Not Approved	""	0.08700633093147589
BRAF	PF-04217903	Not Approved	""	0.1740126618629517
BRAF	FUTUXIMAB/MODOTUXIMAB MIXTURE	Not Approved	antineoplastic agent	0.1740126618629517
BRAF	MIRANSERTIB	Not Approved	""	0.06525474819860692
BRAF	DEL-22379	Not Approved	""	0.1740126618629517
BRAF	LXH254	Not Approved	""	0.1305094963972138
BRAF	MEK INHIBITOR REC-4881	Not Approved	""	0.2610189927944277
BRAF	PILARALISIB	Not Approved	""	0.03070811679934443
BRAF	PALBOCICLIB	Approved	""	0.03070811679934443
BRAF	YM-254890	Not Approved	""	0.2610189927944277
BRAF	TUNLAMETINIB	Not Approved	""	0.2610189927944277
BRAF	EVEROLIMUS	Approved	immunosuppressant	0.03838514599918054
BRAF	ROMIDEPSIN	Approved	antineoplastic agent	0.01864421377103054
BRAF	PF-00477736	Not Approved	""	0.1305094963972138
BRAF	SONOLISIB	Not Approved	""	0.02900211031049196
BRAF	HYDROXYCHLOROQUINE	Approved	antirheumatic agent	0.02900211031049196
BRAF	RAF INHIBITOR BDTX-4933	Not Approved	""	0.2610189927944277
BRAF	OSIMERTINIB	Approved	""	0.05593264131309165
BRAF	FLUOROURACIL	Approved	""	0.01350098238591867
BRAF	RAF INHIBITOR DCC-3084	Not Approved	""	0.2610189927944277
BRAF	OBATOCLAX	Not Approved	antineoplastic agent	0.06525474819860692
BRAF	CI-1040	Not Approved	""	0.06141623359868886
BRAF	PF-07799933	Not Approved	""	0.2610189927944277
BRAF	ERK INHIBITOR CC-90003	Not Approved	""	0.1305094963972138
BRAF	LY3009120	Not Approved	""	0.2349170935149848
BRAF	BI-2536	Not Approved	""	0.07457685508412219
BRAF	LAPATINIB	Approved	antineoplastic agent	0.025259902528493
BRAF	PAC-1	Not Approved	""	0.1740126618629517
BRAF	SAPITINIB	Not Approved	""	0.07457685508412219
BRAF	ERK1/2 INHIBITOR ERAS-007	Not Approved	""	0.1740126618629517
BRAF	BMS-908662	Not Approved	""	0.2610189927944277
BRAF	MITOGEN-ACTIVATED PROTEIN KINASE KINASE INHIBITOR	Not Approved	""	0.04350316546573794
BRAF	IRINOTECAN HYDROCHLORIDE	Approved	antineoplastic agent	0.04143158615784566
BRAF	PLIXORAFENIB	Not Approved	""	0.2610189927944277
BRAF	GILTERITINIB	Approved	""	0.02900211031049196
BRAF	BRAF(V600E) KINASE INHIBITOR ABM-1310	Not Approved	""	0.2610189927944277
BRAF	REFAMETINIB	Not Approved	antineoplastic agent	0.04745799868989594
BRAF	BOSUTINIB	Approved	antineoplastic agent	0.02269730372125458
BRAF	RUCAPARIB	Approved	""	0.02175158273286897
BRAF	DACTOLISIB	Not Approved	""	0.02175158273286897
BRAF	ERLOTINIB	Approved	antineoplastic agent	0.03262737409930346
BRAF	MEK INHIBITOR IMM-1-104	Not Approved	""	0.1305094963972138
BRAF	TAK-632	Not Approved	""	0.1450105515524598
BRAF	NAPORAFENIB	Not Approved	""	0.1631368704965173
BRAF	LIFIRAFENIB	Not Approved	""	1.174585467574924
BRAF	TIPIFARNIB	Not Approved	antineoplastic agent	0.05800422062098392
BRAF	PANOBINOSTAT	Approved	antineoplastic agent	0.02447053057447759
BRAF	CCT196969	Not Approved	""	0.2175158273286897
BRAF	SAPANISERTIB	Approved	antineoplastic agent	0.02269730372125458
BRAF	LUVOMETINIB	Not Approved	""	0.1305094963972138
BRAF	SHP2 INHIBITOR PF-07284892	Not Approved	""	0.1740126618629517
BRAF	SELUMETINIB	Approved	""	0.2293803270011637
BRAF	TIVOZANIB	Approved	antineoplastic agent	0.05800422062098392
BRAF	PICTILISIB	Not Approved	""	0.03163866579326396
BRAF	CAPECITABINE	Approved	""	0.01535405839967221
BRAF	FICERAFUSP ALFA	Not Approved	""	0.5220379855888554
BRAF	B-RAF/VEGFR-2 INHIBITOR RAF265	Not Approved	""	0.2175158273286897
BRAF	AZD1208	Not Approved	""	0.08700633093147589
BRAF	SAR260301	Not Approved	""	0.06525474819860692
BRAF	IMATINIB	Approved	antineoplastic agent	0.007250527577622991
BRAF	VORUCICLIB	Not Approved	""	0.01740126618629518
BRAF	SY-5609	Not Approved	""	0.2610189927944277
BRAF	RIBOCICLIB	Approved	antineoplastic agent	0.04350316546573794
BRAF	BRIMARAFENIB	Not Approved	""	0.2610189927944277
BRAF	SPARTALIZUMAB	Not Approved	""	0.2610189927944277
BRAF	CHIR-265	Not Approved	antineoplastic agent	0.104407597117771
BRAF	GEMCITABINE	Approved	antineoplastic agent	0.005674325930313646
BRAF	TW-37	Not Approved	""	0.5220379855888554
BRAF	IPILIMUMAB	Approved	antineoplastic agent	0.05220379855888554
BRAF	NST-628	Not Approved	""	0.104407597117771
BRAF	DUAL IGF-1R/INSR INHIBITOR BMS-754807	Not Approved	""	0.08700633093147589
BRAF	TORIPALIMAB-TPZI	Approved	""	0.1305094963972138
BRAF	CELECOXIB	Approved	NSAID	0.007791611725206797
BRAF	PANITUMUMAB	Approved	antineoplastic agent	1.305094963972138
BRAF	AXITINIB	Approved	antineoplastic agent	0.02485895169470739
BRAF	ZSTK474	Not Approved	""	0.04745799868989594
BRAF	CEDIRANIB	Not Approved	antineoplastic agent	0.009322106885515274
BRAF	TAK-733	Not Approved	""	0.2088151942355421
BRAF	ENCORAFENIB	Approved	""	1.537111846456074
BRAF	RG-7256	Not Approved	""	0.5220379855888554
BRAF	VENETOCLAX	Approved	""	0.03559349901742196
